FirstName,LastName,Identifier,RegistrationNumber,Company,period,OrganizationalUnit,product,ActivityNature,AccountingCode,Ratio
Christina,Jones,UO61892,5342562,INOVA GROUP,2,NOT FOUND,VERTEX,REGIE,,
Andrew,Lee,ZY23422,3856805,DELVO DYNAMICS,2,NOT FOUND,PHOENIX,SUPPORT,,
Daniel,Johnson,YQ85667,4672681,JALVIK CONSULTING,2,NOT FOUND,ATLAS,MAINTENANCE,,
Derek,Hayes,KX73488,3904777,GOLZEN SOLUTIONS,2,NOT FOUND,NOVA,MAINTENANCE,,
Katie,Flores,YU01298,7888735,BRYTON GLOBAL,2,NOT FOUND,STELLAR,REGIE,,
Andrew,Sullivan,AV57787,4428153,FORVEX VENTURES,2,NOT FOUND,STELLAR,SUPPORT,,
Linda,Stephenson,QV85683,5596773,ETHOS SYSTEMS,2,NOT FOUND,VERTEX,REGIE,,
Cheryl,Thompson,XR91064,9506943,JALVIK SYSTEMS,2,NOT FOUND,STELLAR,MAINTENANCE,,
Kimberly,Williams,CZ66404,8217408,INOVA TECH,2,NOT FOUND,STELLAR,MAINTENANCE,,
Ashley,Cuevas,LP45827,9318522,LUMEX TECH,2,NOT FOUND,PULSE,SUPPORT,,
Debra,Sharp,TQ03778,7972291,JALVIK SOLUTIONS,2,NOT FOUND,VERTEX,RPS,,
Anne,Bonilla,OA56643,1262623,FORVEX SYSTEMS,2,NOT FOUND,NOVA,REGIE,,
Jennifer,Turner,FG94517,3598135,GOLZEN TECH,2,NOT FOUND,VERTEX,FORFAIT,,
April,Mitchell,UL66825,2526122,GOLZEN DIGITAL,2,NOT FOUND,PULSE,FORFAIT,,
Jerry,Rodriguez,LM43365,2852136,ALCOR DYNAMICS,2,NOT FOUND,QUANTUM,REGIE,,
Jonathan,Fernandez,ML73667,1043905,KESTRA GROUP,2,NOT FOUND,STELLAR,RPS,,
Kaitlyn,Klein,FQ28053,7660702,GOLZEN GROUP,2,NOT FOUND,PULSE,RPS,,
Kristina,Tate,SD70137,4003401,HYRION GLOBAL,2,NOT FOUND,PHOENIX,MAINTENANCE,,
Bryan,Cooke,GV86948,8041063,ALCOR DIGITAL,2,NOT FOUND,NEXUS,MAINTENANCE,,
Kyle,Martinez,XW78444,6141483,ALCOR VENTURES,2,NOT FOUND,PULSE,MAINTENANCE,,
Aaron,Walsh,JL27390,4040880,ETHOS GLOBAL,2,NOT FOUND,NOVA,REGIE,,
Jerry,Phillips,LZ00843,1863341,INOVA TECH,2,NOT FOUND,NEXUS,FORFAIT,,
Brittany,Bass,CL49992,3684740,FORVEX GROUP,2,NOT FOUND,NOVA,RPS,,
Brenda,Mcknight,NZ55604,6719922,LUMEX CONSULTING,2,NOT FOUND,PHOENIX,SUPPORT,,
John,Jarvis,YR43206,3298503,FORVEX DYNAMICS,2,NOT FOUND,VERTEX,MAINTENANCE,,
Katie,Campbell,ON95112,2732231,CENVEO CONSULTING,2,NOT FOUND,QUANTUM,MAINTENANCE,,
Tiffany,Baker,JJ48602,5529298,ALCOR VENTURES,2,NOT FOUND,PHOENIX,MAINTENANCE,,
Vincent,Campbell,GW92180,7559621,JALVIK CONSULTING,2,NOT FOUND,NOVA,REGIE,,
Jacob,Frank,EQ47305,9459920,ALCOR CONSULTING,2,NOT FOUND,VERTEX,SUPPORT,,
Chelsea,Larson,AS02769,2910004,ALCOR CONSULTING,2,NOT FOUND,ATLAS,RPS,,
Traci,Bailey,WC39230,2774816,KESTRA GLOBAL,2,NOT FOUND,ORBIT,REGIE,,
Nathaniel,Williams,NA00352,2483007,FORVEX SYSTEMS,2,NOT FOUND,PHOENIX,SUPPORT,,
Eric,Joseph,CN47880,7191734,ALCOR GROUP,2,NOT FOUND,QUANTUM,SUPPORT,,
Angela,Evans,FL82802,1828110,INOVA TECH,2,NOT FOUND,QUANTUM,MAINTENANCE,,
Mckenzie,Young,MY70320,8595594,ETHOS TECH,2,NOT FOUND,PULSE,REGIE,,
Leslie,Mitchell,BT71472,6254075,ALCOR DIGITAL,2,NOT FOUND,ORBIT,SUPPORT,,
Erika,Mckee,YI54209,3107024,LUMEX GLOBAL,2,NOT FOUND,VERTEX,SUPPORT,,
David,Dillon,MH26247,3300729,CENVEO DYNAMICS,2,NOT FOUND,PULSE,MAINTENANCE,,
Adam,Sullivan,CZ09058,2721561,INOVA VENTURES,2,NOT FOUND,STELLAR,MAINTENANCE,,
Johnathan,Mcguire,OG40827,2024738,ETHOS VENTURES,2,NOT FOUND,STELLAR,REGIE,,
Russell,Perry,GA18083,6472766,LUMEX DIGITAL,2,NOT FOUND,STELLAR,REGIE,,
Bridget,Ortiz,AP69997,3665681,HYRION VENTURES,2,NOT FOUND,ORBIT,MAINTENANCE,,
Dominic,Wilson,UJ86828,9494277,DELVO CONSULTING,2,NOT FOUND,ORBIT,MAINTENANCE,,
Ian,Roberts,EX02369,9814604,CENVEO SYSTEMS,2,NOT FOUND,VERTEX,REGIE,,
Gary,Ward,WR60175,8165757,HYRION CONSULTING,2,NOT FOUND,ORBIT,MAINTENANCE,,
Samuel,Harris,CJ54026,1528797,JALVIK DYNAMICS,2,NOT FOUND,VERTEX,MAINTENANCE,,
Joel,Graves,TE72081,3490563,INOVA TECH,2,NOT FOUND,VERTEX,FORFAIT,,
James,Davis,NZ30242,2011523,HYRION GLOBAL,2,NOT FOUND,QUANTUM,FORFAIT,,
Michelle,Cisneros,WD48462,8508949,DELVO SOLUTIONS,2,NOT FOUND,NEXUS,SUPPORT,,
Brenda,Cook,HM09271,6072306,BRYTON TECH,2,NOT FOUND,NEXUS,FORFAIT,,
Daniel,Wilson,LO60326,2681905,LUMEX GLOBAL,2,NOT FOUND,ORBIT,SUPPORT,,
Rachel,Lee,LE08857,7140122,DELVO SYSTEMS,2,NOT FOUND,VERTEX,REGIE,,
Eric,Brown,OJ27828,2635736,INOVA SOLUTIONS,2,NOT FOUND,PULSE,SUPPORT,,
David,Murphy,PW07661,5323455,HYRION CONSULTING,2,NOT FOUND,VERTEX,RPS,,
Victoria,Salazar,ZS15250,3553701,BRYTON DYNAMICS,2,NOT FOUND,ATLAS,FORFAIT,,
Jason,Jones,DN73977,9290293,JALVIK SOLUTIONS,2,NOT FOUND,VERTEX,REGIE,,
Sarah,Hughes,FE41463,4766595,FORVEX DYNAMICS,2,NOT FOUND,ATLAS,REGIE,,
Kimberly,Ortega,VM37485,1575088,LUMEX GROUP,2,NOT FOUND,ATLAS,MAINTENANCE,,
Ruben,Phillips,LW36854,4589732,LUMEX CONSULTING,2,NOT FOUND,PULSE,SUPPORT,,
Amber,Sanchez,RU47827,3502028,ALCOR SYSTEMS,2,NOT FOUND,ORBIT,RPS,,
Vanessa,Hoover,RM16366,9568965,KESTRA SYSTEMS,2,NOT FOUND,NOVA,REGIE,,
Christina,Yu,GJ89703,5888095,ALCOR GROUP,2,NOT FOUND,STELLAR,REGIE,,
Ashley,Aguilar,RY05334,9086536,ALCOR SOLUTIONS,2,NOT FOUND,STELLAR,MAINTENANCE,,
Stephanie,Stewart,XK28661,2869609,HYRION SOLUTIONS,2,NOT FOUND,PHOENIX,MAINTENANCE,,
Eric,Lee,HP11570,9022268,LUMEX CONSULTING,2,NOT FOUND,PULSE,SUPPORT,,
Michael,Garcia,EW92520,6049247,CENVEO GROUP,2,NOT FOUND,STELLAR,SUPPORT,,
Brian,Long,HQ21913,6063080,CENVEO GLOBAL,2,NOT FOUND,NOVA,REGIE,,
Michael,Brown,AO64145,2788340,KESTRA GLOBAL,2,NOT FOUND,NEXUS,RPS,,
Peter,Morris,EE41655,4772637,JALVIK CONSULTING,2,NOT FOUND,ATLAS,REGIE,,
Jeffrey,Ramirez,AX73398,9705950,CENVEO DIGITAL,2,NOT FOUND,ATLAS,SUPPORT,,
John,Simpson,XD36275,2460399,CENVEO GROUP,2,NOT FOUND,ORBIT,MAINTENANCE,,
Casey,Figueroa,VG43660,6886463,GOLZEN CONSULTING,2,NOT FOUND,PULSE,SUPPORT,,
Jody,Burch,DB13150,8685420,KESTRA VENTURES,2,NOT FOUND,STELLAR,MAINTENANCE,,
Roberto,Buckley,NE51108,3741061,ETHOS GROUP,2,NOT FOUND,NEXUS,RPS,,
John,Parker,UD23371,5584821,INOVA SYSTEMS,2,NOT FOUND,PULSE,SUPPORT,,
Todd,Morris,VQ95644,5577849,JALVIK DYNAMICS,2,NOT FOUND,ORBIT,MAINTENANCE,,
Danielle,Howard,VY38472,2351955,JALVIK CONSULTING,2,NOT FOUND,VERTEX,RPS,,
John,Conrad,HL69408,2509059,BRYTON SYSTEMS,2,NOT FOUND,STELLAR,RPS,,
Beth,Barajas,WU06393,5229225,DELVO DYNAMICS,2,NOT FOUND,NOVA,REGIE,,
Anthony,Beck,JM37969,6822685,LUMEX GLOBAL,2,NOT FOUND,ORBIT,MAINTENANCE,,
Jordan,Rojas,YI86808,1271022,HYRION GROUP,2,NOT FOUND,PULSE,MAINTENANCE,,
Donna,Thomas,IE29210,6907680,GOLZEN TECH,2,NOT FOUND,VERTEX,MAINTENANCE,,
Jacqueline,Phillips,GJ54901,7301120,JALVIK DIGITAL,2,NOT FOUND,STELLAR,MAINTENANCE,,
Kathryn,Rivera,IB10103,2348107,GOLZEN CONSULTING,2,NOT FOUND,QUANTUM,MAINTENANCE,,
Julie,Jackson,AN90844,8986813,INOVA TECH,2,NOT FOUND,NOVA,REGIE,,
Jeremy,Werner,SU45181,9913570,HYRION DYNAMICS,2,NOT FOUND,QUANTUM,SUPPORT,,
Angela,Boyd,HK18644,9129772,JALVIK DIGITAL,2,NOT FOUND,PHOENIX,SUPPORT,,
Brittany,Vargas,YU02445,8277777,CENVEO DIGITAL,2,NOT FOUND,PHOENIX,FORFAIT,,
Monica,Bush,UI63194,9210374,FORVEX GROUP,2,NOT FOUND,PHOENIX,SUPPORT,,
John,Reed,BE13392,1101510,FORVEX SOLUTIONS,2,NOT FOUND,PHOENIX,SUPPORT,,
Christina,Ellis,KE56702,7037058,INOVA GLOBAL,2,NOT FOUND,ATLAS,SUPPORT,,
Nicholas,Bentley,XR73125,1544676,BRYTON SOLUTIONS,2,NOT FOUND,QUANTUM,MAINTENANCE,,
Valerie,Ramirez,BV93314,3723346,GOLZEN SOLUTIONS,2,NOT FOUND,PHOENIX,REGIE,,
Sarah,Hammond,DA31406,2830095,GOLZEN CONSULTING,2,NOT FOUND,ATLAS,SUPPORT,,
Ryan,Wilson,IC51710,7780740,GOLZEN SYSTEMS,2,NOT FOUND,VERTEX,RPS,,
John,Brown,YJ56181,4665889,JALVIK GROUP,2,NOT FOUND,NEXUS,SUPPORT,,
Christine,Davis,TA12976,7436922,DELVO GROUP,2,NOT FOUND,PULSE,RPS,,
Leon,Perez,XL48570,6460310,GOLZEN SYSTEMS,2,NOT FOUND,VERTEX,REGIE,,
Austin,Miller,PO02723,2863666,INOVA VENTURES,2,NOT FOUND,NEXUS,REGIE,,
Michael,Porter,PT37817,5692560,JALVIK VENTURES,2,NOT FOUND,PULSE,SUPPORT,,
Justin,Aguilar,FB11983,6892808,BRYTON GLOBAL,2,NOT FOUND,NOVA,REGIE,,
Dustin,Webb,LE99434,3124637,DELVO GLOBAL,2,NOT FOUND,NEXUS,SUPPORT,,
Sarah,Medina,BJ51855,1835464,INOVA TECH,2,NOT FOUND,VERTEX,SUPPORT,,
Marie,Carroll,QL63658,9640319,DELVO GLOBAL,2,NOT FOUND,QUANTUM,MAINTENANCE,,
Cindy,Lopez,JM89174,9838759,ETHOS CONSULTING,2,NOT FOUND,ORBIT,MAINTENANCE,,
David,Hernandez,GD70523,8625990,HYRION DYNAMICS,2,NOT FOUND,VERTEX,RPS,,
Sergio,Harmon,LQ77868,5866079,HYRION GROUP,2,NOT FOUND,NEXUS,SUPPORT,,
Deanna,Hester,CI16154,9459791,KESTRA SOLUTIONS,2,NOT FOUND,VERTEX,RPS,,
Alexandria,Wolfe,EV23574,9703476,BRYTON GROUP,2,NOT FOUND,PULSE,RPS,,
Javier,Walsh,VI29749,1997518,JALVIK VENTURES,2,NOT FOUND,PHOENIX,REGIE,,
Evan,Hatfield,BK99151,8794889,LUMEX DYNAMICS,2,NOT FOUND,QUANTUM,RPS,,
Amanda,Andersen,MX32677,9518527,LUMEX GROUP,2,NOT FOUND,NEXUS,FORFAIT,,
Natalie,Johns,IF50355,4081376,KESTRA GROUP,2,NOT FOUND,VERTEX,REGIE,,
Valerie,Wallace,KT09797,1188337,CENVEO DYNAMICS,2,NOT FOUND,NOVA,SUPPORT,,
David,Martinez,YW85437,5267173,ALCOR CONSULTING,2,NOT FOUND,NEXUS,FORFAIT,,
Stephen,Williams,WX01543,8190396,ALCOR TECH,2,NOT FOUND,ORBIT,REGIE,,
Laurie,Davidson,TP44765,3862860,INOVA GROUP,2,NOT FOUND,QUANTUM,SUPPORT,,
Alex,Mcmillan,FS55955,9855429,LUMEX SYSTEMS,2,NOT FOUND,VERTEX,FORFAIT,,
Dustin,Bradley,NL41045,1759081,GOLZEN DYNAMICS,2,NOT FOUND,STELLAR,FORFAIT,,
Anthony,Duncan,MH23952,7251709,BRYTON GLOBAL,2,NOT FOUND,NEXUS,FORFAIT,,
Jeffrey,Nguyen,EY60515,8960486,DELVO SYSTEMS,2,NOT FOUND,PULSE,SUPPORT,,
Rachel,Reed,PG49093,1907365,HYRION GROUP,2,NOT FOUND,ORBIT,REGIE,,
Tara,Wagner,PG99369,5441847,LUMEX DYNAMICS,2,NOT FOUND,NOVA,FORFAIT,,
Rachel,Evans,WO79631,4843478,JALVIK DIGITAL,2,NOT FOUND,PHOENIX,RPS,,
Janet,Christensen,YN24803,5902210,JALVIK CONSULTING,2,NOT FOUND,PHOENIX,RPS,,
Dawn,George,UY79036,1014114,LUMEX SOLUTIONS,2,NOT FOUND,PHOENIX,RPS,,
Andrew,French,OH27488,2434542,KESTRA DIGITAL,2,NOT FOUND,STELLAR,MAINTENANCE,,
Susan,Guzman,WB33619,5707918,HYRION SYSTEMS,2,NOT FOUND,VERTEX,FORFAIT,,
Jerome,Stark,NS33293,4290948,JALVIK DIGITAL,2,NOT FOUND,PULSE,MAINTENANCE,,
Cheryl,Gray,IZ02385,3729144,FORVEX CONSULTING,2,NOT FOUND,NEXUS,SUPPORT,,
Michael,Green,RQ13340,7952639,JALVIK SOLUTIONS,2,NOT FOUND,NOVA,FORFAIT,,
Rebecca,Patterson,EB71583,1410610,HYRION CONSULTING,2,NOT FOUND,ATLAS,RPS,,
Julia,Thomas,KR42459,2399161,ALCOR CONSULTING,2,NOT FOUND,NEXUS,RPS,,
Patrick,Ward,TX77103,5699244,DELVO CONSULTING,2,NOT FOUND,ORBIT,MAINTENANCE,,
Karen,Scott,QO83778,2292750,LUMEX SOLUTIONS,2,NOT FOUND,ATLAS,FORFAIT,,
Joseph,Owens,RL87282,3437520,GOLZEN SOLUTIONS,2,NOT FOUND,NOVA,FORFAIT,,
Brian,Duran,HL95797,4629426,CENVEO GLOBAL,2,NOT FOUND,QUANTUM,RPS,,
Jessica,Hernandez,LY23929,1838231,LUMEX CONSULTING,2,NOT FOUND,STELLAR,MAINTENANCE,,
Heather,Pham,VL12985,2691486,BRYTON TECH,2,NOT FOUND,PULSE,MAINTENANCE,,
Cesar,Taylor,EP96802,2776917,ALCOR GLOBAL,2,NOT FOUND,STELLAR,FORFAIT,,
Elizabeth,Davis,AQ94193,5676472,ALCOR GROUP,2,NOT FOUND,QUANTUM,REGIE,,
Sharon,Trevino,JT46557,3228813,GOLZEN VENTURES,2,NOT FOUND,QUANTUM,MAINTENANCE,,
Andrew,Davis,HB46398,8366336,BRYTON GLOBAL,2,NOT FOUND,PHOENIX,SUPPORT,,
Jessica,Baker,JC41851,8811222,GOLZEN VENTURES,2,NOT FOUND,ATLAS,RPS,,
Christopher,Cochran,SN13203,6979888,BRYTON DYNAMICS,2,NOT FOUND,STELLAR,REGIE,,
Colin,Wong,CK77543,6494428,FORVEX SOLUTIONS,2,NOT FOUND,NEXUS,FORFAIT,,
Jacqueline,Lewis,DE99411,4917737,GOLZEN TECH,2,NOT FOUND,ORBIT,SUPPORT,,
John,Sosa,LB14940,2363051,JALVIK SYSTEMS,2,NOT FOUND,STELLAR,MAINTENANCE,,
Brandy,Estrada,LW29541,4313947,HYRION GROUP,2,NOT FOUND,NEXUS,SUPPORT,,
Robert,Fox,QO06220,4336869,KESTRA VENTURES,2,NOT FOUND,ATLAS,FORFAIT,,
Lisa,Ray,WS08397,4910023,KESTRA DYNAMICS,2,NOT FOUND,PHOENIX,SUPPORT,,
Jon,Mcmahon,ZD63789,3242812,CENVEO SOLUTIONS,2,NOT FOUND,STELLAR,MAINTENANCE,,
Travis,Rodriguez,PQ91516,8963356,BRYTON SYSTEMS,2,NOT FOUND,VERTEX,REGIE,,
Jill,Graham,UE02587,4421235,GOLZEN VENTURES,2,NOT FOUND,PHOENIX,REGIE,,
James,Johnson,PO14864,2667033,GOLZEN SOLUTIONS,2,NOT FOUND,PULSE,MAINTENANCE,,
Lauren,Wilson,WL84100,4176389,ALCOR DIGITAL,2,NOT FOUND,NEXUS,MAINTENANCE,,
Susan,Blair,JZ02278,8892622,CENVEO DYNAMICS,2,NOT FOUND,QUANTUM,MAINTENANCE,,
Rebecca,Barnett,RY20668,6302626,DELVO DIGITAL,2,NOT FOUND,PHOENIX,FORFAIT,,
Jonathan,Hall,LT88434,9121326,HYRION DYNAMICS,2,NOT FOUND,PULSE,MAINTENANCE,,
Jimmy,Tanner,HM34467,8582815,LUMEX SYSTEMS,2,NOT FOUND,PHOENIX,REGIE,,
Cindy,Wells,LJ41068,3185433,LUMEX DYNAMICS,2,NOT FOUND,PHOENIX,REGIE,,
Jonathan,Martin,JO32002,6597208,LUMEX SYSTEMS,2,NOT FOUND,NOVA,FORFAIT,,
John,Small,LD00390,4263119,GOLZEN TECH,2,NOT FOUND,VERTEX,RPS,,
Charles,Jones,EQ00408,9538042,KESTRA SYSTEMS,2,NOT FOUND,PHOENIX,REGIE,,
Danielle,Haynes,CZ83194,8626040,DELVO DIGITAL,2,NOT FOUND,NEXUS,MAINTENANCE,,
Mario,Simmons,AE26947,9737632,ETHOS GROUP,2,NOT FOUND,VERTEX,SUPPORT,,
Elizabeth,Garrison,UU58214,2155475,CENVEO VENTURES,2,NOT FOUND,PULSE,MAINTENANCE,,
Amber,Miller,WS65806,8320570,JALVIK GROUP,2,NOT FOUND,ATLAS,MAINTENANCE,,
Lisa,Dean,UN56065,4593924,ETHOS SOLUTIONS,2,NOT FOUND,VERTEX,REGIE,,
Diana,Smith,JK63417,6661503,FORVEX GROUP,2,NOT FOUND,NEXUS,RPS,,
Sherry,Ray,IW11920,1524537,GOLZEN SOLUTIONS,2,NOT FOUND,ATLAS,MAINTENANCE,,
Michael,Nguyen,XL04207,6578757,HYRION TECH,2,NOT FOUND,PHOENIX,RPS,,
Rebecca,Alexander,KK13484,5881013,ETHOS CONSULTING,2,NOT FOUND,VERTEX,FORFAIT,,
Christopher,Silva,EG22866,8251981,JALVIK GROUP,2,NOT FOUND,QUANTUM,FORFAIT,,
Jeremy,Wall,AR81904,9394803,LUMEX DIGITAL,2,NOT FOUND,QUANTUM,SUPPORT,,
Victoria,Edwards,TE90092,1772847,ETHOS TECH,2,NOT FOUND,NEXUS,FORFAIT,,
Shelia,Stanley,TD33296,3975225,GOLZEN CONSULTING,2,NOT FOUND,STELLAR,FORFAIT,,
Jodi,Hart,XQ73684,5132344,ALCOR GROUP,2,NOT FOUND,PHOENIX,FORFAIT,,
Melanie,Davis,UC37185,3759939,GOLZEN SOLUTIONS,2,NOT FOUND,STELLAR,REGIE,,
Robert,Miles,SU05632,2412418,BRYTON TECH,2,NOT FOUND,ATLAS,SUPPORT,,
Crystal,Steele,ZI57860,3932670,ETHOS DYNAMICS,2,NOT FOUND,PHOENIX,SUPPORT,,
Kimberly,Reed,VB15851,7378467,FORVEX GLOBAL,2,NOT FOUND,PHOENIX,MAINTENANCE,,
David,Higgins,JZ38283,9395462,CENVEO VENTURES,2,NOT FOUND,ORBIT,RPS,,
Hannah,Salazar,HZ88403,7707540,BRYTON DIGITAL,2,NOT FOUND,STELLAR,RPS,,
Marcia,Vargas,GO00025,3072431,JALVIK VENTURES,2,NOT FOUND,PHOENIX,MAINTENANCE,,
David,Taylor,YP77587,6370415,CENVEO DIGITAL,2,NOT FOUND,PULSE,REGIE,,
Cindy,Carey,ZP46732,5004204,DELVO GROUP,2,NOT FOUND,PHOENIX,MAINTENANCE,,
Craig,King,US49669,4595520,LUMEX DIGITAL,2,NOT FOUND,PULSE,MAINTENANCE,,
Samantha,Kelly,IC26386,9017910,LUMEX SOLUTIONS,2,NOT FOUND,PHOENIX,RPS,,
Kyle,Wright,SC88786,2858014,INOVA GLOBAL,2,NOT FOUND,PHOENIX,MAINTENANCE,,
Jonathan,Cox,VP50674,1080420,HYRION TECH,2,NOT FOUND,PULSE,RPS,,
Patrick,Grant,PI62700,3285718,HYRION SOLUTIONS,2,NOT FOUND,ORBIT,RPS,,
Victoria,Rodriguez,RA86123,9075381,FORVEX DIGITAL,2,NOT FOUND,STELLAR,REGIE,,
Kathleen,Mendoza,IG40439,1030930,KESTRA CONSULTING,2,NOT FOUND,ATLAS,REGIE,,
Angela,Terry,YR38806,7382594,LUMEX VENTURES,2,NOT FOUND,NOVA,MAINTENANCE,,
Stephen,Parks,IN40873,1567929,LUMEX VENTURES,2,NOT FOUND,NEXUS,MAINTENANCE,,
Denise,Elliott,SO44241,1977427,ALCOR GROUP,2,NOT FOUND,NOVA,FORFAIT,,
Rachel,Hall,CG92687,7835503,DELVO GROUP,2,NOT FOUND,STELLAR,MAINTENANCE,,
Tamara,Clark,JD99084,1568127,ETHOS DIGITAL,2,NOT FOUND,ATLAS,FORFAIT,,
Tiffany,Brown,RP91404,3988487,KESTRA GROUP,2,NOT FOUND,ATLAS,RPS,,
Michael,Kennedy,QW61320,8081899,CENVEO DYNAMICS,2,NOT FOUND,PULSE,FORFAIT,,
Rose,Robinson,IP59563,4226009,ALCOR GROUP,2,NOT FOUND,NOVA,SUPPORT,,
William,Spence,LU31447,9973999,CENVEO CONSULTING,2,NOT FOUND,STELLAR,MAINTENANCE,,
Richard,Cantrell,KG23094,1786894,DELVO TECH,2,NOT FOUND,PULSE,SUPPORT,,
Jeremiah,Craig,UV79301,8253574,GOLZEN GROUP,2,NOT FOUND,ORBIT,MAINTENANCE,,
Andrew,Murphy,GV66740,9668038,GOLZEN SOLUTIONS,2,NOT FOUND,ORBIT,RPS,,
Michael,Webster,OO80115,6296643,FORVEX DYNAMICS,2,NOT FOUND,PHOENIX,FORFAIT,,
Nicholas,Anderson,XI43519,5573249,ETHOS SOLUTIONS,2,NOT FOUND,ATLAS,MAINTENANCE,,
Shannon,Smith,VQ22777,8717918,ETHOS GROUP,2,NOT FOUND,VERTEX,SUPPORT,,
Matthew,Hernandez,HL13377,9492250,DELVO CONSULTING,2,NOT FOUND,ORBIT,SUPPORT,,
Courtney,Soto,RZ52470,4282131,ETHOS CONSULTING,2,NOT FOUND,STELLAR,SUPPORT,,
Leah,Osborne,PU08285,8299595,ALCOR DIGITAL,2,NOT FOUND,PULSE,FORFAIT,,
Danielle,Moore,HS72508,2345455,ALCOR SYSTEMS,2,NOT FOUND,ORBIT,MAINTENANCE,,
Michael,Smith,SP00842,1839194,FORVEX GLOBAL,2,NOT FOUND,PHOENIX,RPS,,
Adam,Bond,XZ32607,3762674,FORVEX SOLUTIONS,2,NOT FOUND,PULSE,SUPPORT,,
Jennifer,Martinez,OC47280,7571304,CENVEO SYSTEMS,2,NOT FOUND,PHOENIX,MAINTENANCE,,
Linda,Gilmore,LW42495,2131752,ETHOS SOLUTIONS,2,NOT FOUND,NOVA,RPS,,
Andrew,George,HN37434,7931662,BRYTON SYSTEMS,2,NOT FOUND,STELLAR,MAINTENANCE,,
Bradley,Romero,TB17064,1839977,LUMEX GLOBAL,2,NOT FOUND,PULSE,REGIE,,
Madison,Shepard,RJ45279,4363203,KESTRA SYSTEMS,2,NOT FOUND,QUANTUM,SUPPORT,,
Amy,Sloan,AG60054,4095529,INOVA GLOBAL,2,NOT FOUND,PULSE,SUPPORT,,
Teresa,Hamilton,AJ02824,9371789,FORVEX GLOBAL,2,NOT FOUND,QUANTUM,MAINTENANCE,,
Dustin,Mills,AK93568,8840740,ALCOR TECH,2,NOT FOUND,VERTEX,MAINTENANCE,,
Rhonda,Wilkins,SH85609,7438230,GOLZEN VENTURES,2,NOT FOUND,ATLAS,RPS,,
David,Morris,JG15138,1556693,ETHOS SYSTEMS,2,NOT FOUND,QUANTUM,SUPPORT,,
Jeffrey,Baker,HQ27798,4139180,ALCOR GLOBAL,2,NOT FOUND,NOVA,RPS,,
John,York,YT84303,3711603,INOVA GLOBAL,2,NOT FOUND,NOVA,SUPPORT,,
Alexa,Bridges,QH80708,3248769,JALVIK TECH,2,NOT FOUND,ORBIT,REGIE,,
Justin,Flynn,PB78872,4730939,DELVO SOLUTIONS,2,NOT FOUND,STELLAR,RPS,,
Kevin,Davis,CT59465,3999203,KESTRA SOLUTIONS,2,NOT FOUND,VERTEX,MAINTENANCE,,
Deborah,Robinson,ID10173,3133119,CENVEO TECH,2,NOT FOUND,PHOENIX,MAINTENANCE,,
Mason,Clayton,ZO63955,9014988,CENVEO CONSULTING,2,NOT FOUND,PHOENIX,MAINTENANCE,,
Alex,Jones,RO32054,6282000,ETHOS DYNAMICS,2,NOT FOUND,PHOENIX,MAINTENANCE,,
Lisa,Pacheco,VH07648,2470358,LUMEX SYSTEMS,2,NOT FOUND,QUANTUM,FORFAIT,,
Steven,Rosario,NR79079,6041599,BRYTON SOLUTIONS,2,NOT FOUND,STELLAR,SUPPORT,,
Stanley,Collins,KM80604,6385697,HYRION TECH,2,NOT FOUND,NOVA,RPS,,
Terri,Allen,PL40721,8926656,HYRION TECH,2,NOT FOUND,ATLAS,MAINTENANCE,,
Cheryl,Boyer,WF65501,9219866,ETHOS GROUP,2,NOT FOUND,STELLAR,MAINTENANCE,,
Lauren,Jarvis,KF41668,6756859,FORVEX GROUP,2,NOT FOUND,NEXUS,MAINTENANCE,,
Stacey,Miller,CM03682,4041412,GOLZEN DIGITAL,2,NOT FOUND,ATLAS,REGIE,,
Madeline,Oconnell,FO30199,8932895,KESTRA GROUP,2,NOT FOUND,ORBIT,MAINTENANCE,,
Kayla,Allen,YB01046,3028456,ALCOR DYNAMICS,2,NOT FOUND,STELLAR,RPS,,
Luis,Ball,GT83936,6589713,BRYTON SOLUTIONS,2,NOT FOUND,PHOENIX,SUPPORT,,
Jonathan,Carlson,YD86241,2912230,INOVA TECH,2,NOT FOUND,QUANTUM,REGIE,,
Jessica,Hernandez,YC86870,6659553,JALVIK VENTURES,2,NOT FOUND,STELLAR,REGIE,,
Ethan,Perez,VX40989,9604375,DELVO SYSTEMS,2,NOT FOUND,PULSE,REGIE,,
Adam,Woods,DM07602,7193594,JALVIK DIGITAL,2,NOT FOUND,NEXUS,MAINTENANCE,,
Joseph,Fleming,BP07296,5621194,KESTRA DYNAMICS,2,NOT FOUND,ATLAS,FORFAIT,,
Adam,West,DP21423,9731874,BRYTON DYNAMICS,2,NOT FOUND,ORBIT,MAINTENANCE,,
Cheryl,Wilson,RO34631,4582406,KESTRA SYSTEMS,2,NOT FOUND,NOVA,FORFAIT,,
Lori,Reese,XJ07851,4070624,INOVA SOLUTIONS,2,NOT FOUND,PHOENIX,REGIE,,
Caitlin,Garza,CT31971,6663167,INOVA CONSULTING,2,NOT FOUND,ATLAS,SUPPORT,,
Ashley,French,KQ89560,6136021,ETHOS SOLUTIONS,2,NOT FOUND,NOVA,REGIE,,
Penny,Simpson,RK65084,3828916,ALCOR GROUP,2,NOT FOUND,VERTEX,SUPPORT,,
Diane,Moore,EZ86261,9631425,HYRION DIGITAL,2,NOT FOUND,STELLAR,REGIE,,
Sean,Anderson,VZ05965,2091069,GOLZEN VENTURES,2,NOT FOUND,STELLAR,FORFAIT,,
Joshua,Gallegos,PI62630,2926003,INOVA GLOBAL,2,NOT FOUND,STELLAR,REGIE,,
Brittney,Johnson,ZH82044,1480447,KESTRA SOLUTIONS,2,NOT FOUND,ORBIT,REGIE,,
Lindsey,Foster,PN45098,7435689,GOLZEN GROUP,2,NOT FOUND,PULSE,RPS,,
Lindsay,Berry,VF98004,7537105,INOVA GLOBAL,2,NOT FOUND,NOVA,SUPPORT,,
Anthony,Gordon,FZ07885,9828045,FORVEX SYSTEMS,2,NOT FOUND,VERTEX,RPS,,
Elizabeth,Bond,AN94554,3755817,GOLZEN GROUP,2,NOT FOUND,NOVA,FORFAIT,,
Katherine,Heath,NC15371,5159669,KESTRA SOLUTIONS,2,NOT FOUND,VERTEX,FORFAIT,,
Megan,Davis,WZ72376,6597668,HYRION CONSULTING,2,NOT FOUND,QUANTUM,MAINTENANCE,,
Robert,Santana,JF69619,3231286,LUMEX GROUP,2,NOT FOUND,QUANTUM,SUPPORT,,
Vincent,Lynn,ZL44384,8489989,JALVIK SOLUTIONS,2,NOT FOUND,ATLAS,MAINTENANCE,,
Kara,Lewis,MD72470,5204347,HYRION CONSULTING,2,NOT FOUND,PHOENIX,REGIE,,
Adrian,Buck,KC14420,6332933,GOLZEN SOLUTIONS,2,NOT FOUND,NEXUS,RPS,,
Alexander,Smith,TC91048,8651942,DELVO SYSTEMS,2,NOT FOUND,ORBIT,REGIE,,
Scott,Espinoza,QO71980,3336524,BRYTON VENTURES,2,NOT FOUND,QUANTUM,RPS,,
Samuel,Schroeder,EW75942,5463185,DELVO DYNAMICS,2,NOT FOUND,NOVA,REGIE,,
Anthony,Gilmore,QA04738,6595973,CENVEO GROUP,2,NOT FOUND,PULSE,SUPPORT,,
Maria,Carter,YW85225,2218269,GOLZEN GROUP,2,NOT FOUND,VERTEX,REGIE,,
Stephanie,Gonzalez,UB74773,8705734,CENVEO DIGITAL,2,NOT FOUND,PHOENIX,SUPPORT,,
Ryan,Griffith,DU85431,1764618,FORVEX GROUP,2,NOT FOUND,ORBIT,FORFAIT,,
Ashley,Torres,IY86883,1865395,ETHOS SYSTEMS,2,NOT FOUND,STELLAR,FORFAIT,,
Joseph,Ramsey,AL27449,9466799,CENVEO GLOBAL,2,NOT FOUND,QUANTUM,REGIE,,
Sarah,Kennedy,QS24592,9288661,ALCOR GROUP,2,NOT FOUND,PULSE,SUPPORT,,
Melissa,Nunez,GT62133,1877040,CENVEO GROUP,2,NOT FOUND,QUANTUM,REGIE,,
Julie,Rush,QU76863,9231313,HYRION SOLUTIONS,2,NOT FOUND,ATLAS,REGIE,,
Cindy,Davis,KF08232,1249970,ETHOS GROUP,2,NOT FOUND,PULSE,FORFAIT,,
Rose,Lewis,MK27266,6407996,DELVO SYSTEMS,2,NOT FOUND,STELLAR,MAINTENANCE,,
Joseph,Collins,ZW72319,7622825,BRYTON DYNAMICS,2,NOT FOUND,STELLAR,REGIE,,
Valerie,Adams,PH54828,7522308,JALVIK VENTURES,2,NOT FOUND,QUANTUM,FORFAIT,,
Phillip,Holmes,KE67272,4062410,ALCOR SOLUTIONS,2,NOT FOUND,ATLAS,MAINTENANCE,,
Brian,Walters,GA60917,5933396,JALVIK DYNAMICS,2,NOT FOUND,ORBIT,REGIE,,
Charles,Nelson,JC51008,1834174,INOVA CONSULTING,2,NOT FOUND,ATLAS,FORFAIT,,
Deanna,Burnett,JS26745,5897623,JALVIK DYNAMICS,2,NOT FOUND,NOVA,REGIE,,
Victoria,Suarez,YP73875,3940812,GOLZEN DYNAMICS,2,NOT FOUND,PULSE,FORFAIT,,
Richard,Melton,OW17145,8876690,JALVIK DYNAMICS,2,NOT FOUND,PULSE,FORFAIT,,
Judy,Patterson,PX69780,1817321,ETHOS SOLUTIONS,2,NOT FOUND,STELLAR,FORFAIT,,
Sharon,Osborn,BI88587,8671925,DELVO GLOBAL,2,NOT FOUND,STELLAR,REGIE,,
Michael,Garza,GA76327,8562725,INOVA SYSTEMS,2,NOT FOUND,NOVA,MAINTENANCE,,
Jennifer,Jackson,WG82600,4875731,JALVIK SYSTEMS,2,NOT FOUND,ATLAS,RPS,,
Kathleen,Johnson,VV15352,1102701,INOVA SOLUTIONS,2,NOT FOUND,STELLAR,SUPPORT,,
Heather,Malone,IY33562,7917986,GOLZEN SYSTEMS,2,NOT FOUND,STELLAR,REGIE,,
Michael,Ramirez,UW25115,5973884,ALCOR CONSULTING,2,NOT FOUND,PHOENIX,RPS,,
Walter,Gordon,GZ73370,6345241,INOVA DIGITAL,2,NOT FOUND,PULSE,SUPPORT,,
Jonathan,Rodriguez,LH91925,5943387,DELVO SOLUTIONS,2,NOT FOUND,QUANTUM,REGIE,,
Amy,Edwards,QA29160,8603834,GOLZEN GLOBAL,2,NOT FOUND,STELLAR,RPS,,
Jessica,Moss,XS28469,7549926,FORVEX SOLUTIONS,2,NOT FOUND,ATLAS,RPS,,
Logan,Walton,NU71772,8669859,CENVEO GROUP,2,NOT FOUND,ORBIT,FORFAIT,,
James,Hernandez,GK94068,4989007,HYRION SOLUTIONS,2,NOT FOUND,PHOENIX,RPS,,
Steven,Barry,WZ70989,6294540,LUMEX TECH,2,NOT FOUND,ATLAS,FORFAIT,,
Andrew,Mills,ON31530,7088254,HYRION VENTURES,2,NOT FOUND,PHOENIX,RPS,,
Cassandra,Sampson,KP36675,6295785,ETHOS SYSTEMS,2,NOT FOUND,QUANTUM,SUPPORT,,
Nancy,Walker,YY19958,1388820,DELVO SOLUTIONS,2,NOT FOUND,NOVA,FORFAIT,,
Kenneth,Gentry,XF09515,5835250,LUMEX SOLUTIONS,2,NOT FOUND,PULSE,SUPPORT,,
Patricia,Hickman,WY43965,1130309,INOVA DIGITAL,2,NOT FOUND,ORBIT,REGIE,,
David,Fowler,IH55070,3893209,HYRION DYNAMICS,2,NOT FOUND,QUANTUM,FORFAIT,,
Angela,Roman,AO49784,4920724,GOLZEN GROUP,2,NOT FOUND,NOVA,SUPPORT,,
Karina,Fuller,FP99434,8644906,CENVEO DYNAMICS,2,NOT FOUND,QUANTUM,RPS,,
Christopher,Boyd,TG20828,7257560,DELVO GLOBAL,2,NOT FOUND,VERTEX,REGIE,,
Heather,Russell,WL66069,3109389,BRYTON DIGITAL,2,NOT FOUND,PULSE,RPS,,
Kim,Leach,BP29377,5773761,LUMEX GLOBAL,2,NOT FOUND,QUANTUM,RPS,,
Katie,Lee,TW23589,7308875,HYRION GLOBAL,2,NOT FOUND,PHOENIX,SUPPORT,,
Alicia,Cunningham,WL78066,8735483,ALCOR TECH,2,NOT FOUND,NEXUS,MAINTENANCE,,
Mitchell,Rowland,UO30300,2699511,FORVEX DYNAMICS,2,NOT FOUND,QUANTUM,REGIE,,
Laura,Carlson,VM78405,8714025,JALVIK SYSTEMS,2,NOT FOUND,QUANTUM,FORFAIT,,
Anthony,Cook,ZA56920,4133808,FORVEX VENTURES,2,NOT FOUND,PULSE,REGIE,,
Tiffany,Hansen,WD57764,7161508,BRYTON DYNAMICS,2,NOT FOUND,ORBIT,MAINTENANCE,,
Anna,Kelly,WH53541,8962892,HYRION DIGITAL,2,NOT FOUND,PHOENIX,RPS,,
Holly,Sanders,PJ87703,6752036,ETHOS VENTURES,2,NOT FOUND,ATLAS,SUPPORT,,
Sara,Maynard,NY17554,2254365,LUMEX SYSTEMS,2,NOT FOUND,STELLAR,RPS,,
Daniel,Peters,CU00774,1130813,LUMEX GLOBAL,2,NOT FOUND,ORBIT,SUPPORT,,
Amanda,Goodman,FT89343,1198241,FORVEX TECH,2,NOT FOUND,NOVA,REGIE,,
Ashley,Hernandez,NO41277,1361798,HYRION DYNAMICS,2,NOT FOUND,QUANTUM,MAINTENANCE,,
Frank,Cross,KM64097,4636143,INOVA SYSTEMS,2,NOT FOUND,NOVA,RPS,,
Daniel,Mcdaniel,FA81967,3672483,GOLZEN TECH,2,NOT FOUND,PULSE,FORFAIT,,
Eric,Pace,MA75688,1718103,KESTRA SYSTEMS,2,NOT FOUND,VERTEX,RPS,,
Cynthia,Wilson,UN30962,1480479,FORVEX VENTURES,2,NOT FOUND,PULSE,REGIE,,
Elizabeth,Wiggins,TN80448,7408654,ALCOR VENTURES,2,NOT FOUND,PHOENIX,SUPPORT,,
Thomas,Stephenson,MO49385,4378577,HYRION VENTURES,2,NOT FOUND,PHOENIX,SUPPORT,,
Daniel,Benson,ZJ54737,2262037,KESTRA DYNAMICS,2,NOT FOUND,STELLAR,REGIE,,
Julian,Conrad,FL88532,8017760,CENVEO CONSULTING,2,NOT FOUND,VERTEX,MAINTENANCE,,
David,Lucas,IL90344,4227290,JALVIK SYSTEMS,2,NOT FOUND,ORBIT,REGIE,,
Kirsten,Clark,NH61851,3628268,DELVO DYNAMICS,2,NOT FOUND,ATLAS,MAINTENANCE,,
Ashley,Salas,IY25186,8261689,BRYTON GROUP,2,NOT FOUND,NEXUS,RPS,,
Kathleen,Gay,EG58568,3202705,HYRION DIGITAL,2,NOT FOUND,QUANTUM,MAINTENANCE,,
Jeff,Crawford,WU73631,3213139,DELVO GROUP,2,NOT FOUND,VERTEX,REGIE,,
Brian,Hicks,XG96136,2425234,ETHOS TECH,2,NOT FOUND,VERTEX,MAINTENANCE,,
Michelle,Stephens,ZL87356,3066757,FORVEX VENTURES,2,NOT FOUND,STELLAR,SUPPORT,,
Joseph,Savage,PJ56597,7708152,ALCOR VENTURES,2,NOT FOUND,ORBIT,MAINTENANCE,,
Leonard,Jones,VP51390,4632063,HYRION GLOBAL,2,NOT FOUND,PHOENIX,SUPPORT,,
Erin,Medina,CV43251,9330361,GOLZEN TECH,2,NOT FOUND,PHOENIX,SUPPORT,,
Manuel,Roberts,HI49704,5728392,DELVO GLOBAL,2,NOT FOUND,QUANTUM,MAINTENANCE,,
Donald,Brown,JE47337,5572305,BRYTON VENTURES,2,NOT FOUND,VERTEX,RPS,,
Xavier,Walker,XI15298,5998401,DELVO GLOBAL,2,NOT FOUND,VERTEX,SUPPORT,,
Lucas,Moreno,DO76771,5723878,HYRION DIGITAL,2,NOT FOUND,STELLAR,SUPPORT,,
Troy,Moore,ZV22638,9230339,LUMEX CONSULTING,2,NOT FOUND,STELLAR,FORFAIT,,
Richard,Hill,HX73516,1052004,CENVEO CONSULTING,2,NOT FOUND,NEXUS,REGIE,,
Hector,Williams,KX38742,1988816,CENVEO SYSTEMS,2,NOT FOUND,NEXUS,SUPPORT,,
Daniel,Bush,TY03574,7540304,BRYTON DIGITAL,2,NOT FOUND,PULSE,SUPPORT,,
Paul,Hamilton,TJ92403,8584895,ETHOS SYSTEMS,2,NOT FOUND,PHOENIX,FORFAIT,,
Stephanie,Martin,FW36625,5500433,DELVO SOLUTIONS,2,NOT FOUND,PHOENIX,MAINTENANCE,,
Mark,Holmes,BD50405,3321383,KESTRA DYNAMICS,2,NOT FOUND,ORBIT,REGIE,,
Ryan,Nelson,HA35797,9503198,ETHOS GLOBAL,2,NOT FOUND,ORBIT,RPS,,
Jeffery,Lewis,TA69424,6632681,GOLZEN GROUP,2,NOT FOUND,NEXUS,SUPPORT,,
Seth,Davis,QK36053,7885526,HYRION GLOBAL,2,NOT FOUND,ATLAS,REGIE,,
Doris,Jennings,JU36253,4251487,DELVO DIGITAL,2,NOT FOUND,QUANTUM,FORFAIT,,
Thomas,Baker,JJ57291,8105946,DELVO TECH,2,NOT FOUND,STELLAR,SUPPORT,,
Brenda,Morales,SI06212,9339881,DELVO VENTURES,2,NOT FOUND,ORBIT,SUPPORT,,
Clayton,Salazar,DP29960,4853141,INOVA SYSTEMS,2,NOT FOUND,NEXUS,FORFAIT,,
Daniel,Gonzales,KG56761,6388861,JALVIK CONSULTING,2,NOT FOUND,ORBIT,MAINTENANCE,,
Joshua,Nguyen,ZQ15069,2688829,ALCOR GROUP,2,NOT FOUND,PHOENIX,FORFAIT,,
Rachel,Chan,UF21848,1246142,FORVEX VENTURES,2,NOT FOUND,PHOENIX,RPS,,
Nicole,Warner,YZ09223,6389812,HYRION DIGITAL,2,NOT FOUND,PHOENIX,REGIE,,
Chad,Browning,BJ37926,2091699,CENVEO GLOBAL,2,NOT FOUND,PULSE,MAINTENANCE,,
Jessica,Rodriguez,BX74043,5977677,LUMEX DYNAMICS,2,NOT FOUND,STELLAR,MAINTENANCE,,
Rachel,Williams,BF90070,4416688,ETHOS TECH,2,NOT FOUND,ORBIT,MAINTENANCE,,
Tina,Martin,ZH63937,8962064,BRYTON DYNAMICS,2,NOT FOUND,ATLAS,REGIE,,
Andrew,Gallagher,RZ14769,6113416,ALCOR DIGITAL,2,NOT FOUND,ATLAS,MAINTENANCE,,
Karen,Perez,ZM92822,7311417,GOLZEN SOLUTIONS,2,NOT FOUND,VERTEX,FORFAIT,,
Douglas,Owens,TU84766,2495308,ALCOR DIGITAL,2,NOT FOUND,ORBIT,FORFAIT,,
James,Leblanc,RR26721,8684745,CENVEO GROUP,2,NOT FOUND,QUANTUM,RPS,,
Margaret,Sanchez,JZ37030,4474696,DELVO DYNAMICS,2,NOT FOUND,ATLAS,RPS,,
Jose,Burch,XW64199,7128299,HYRION SOLUTIONS,2,NOT FOUND,ORBIT,FORFAIT,,
Megan,Miller,EU11771,1153637,KESTRA VENTURES,2,NOT FOUND,PHOENIX,SUPPORT,,
Christian,Houston,VL69479,7068666,LUMEX SOLUTIONS,2,NOT FOUND,NOVA,SUPPORT,,
Bernard,Rocha,WQ64505,9950988,GOLZEN DYNAMICS,2,NOT FOUND,QUANTUM,REGIE,,
Ashley,Long,LF26334,7314518,JALVIK CONSULTING,2,NOT FOUND,NEXUS,MAINTENANCE,,
Jason,Williams,LR46450,4849792,FORVEX GROUP,2,NOT FOUND,PULSE,REGIE,,
Alexandria,Anderson,WS91111,3044089,KESTRA GROUP,2,NOT FOUND,NOVA,MAINTENANCE,,
Daniel,Davis,MZ04478,6478752,KESTRA DIGITAL,2,NOT FOUND,VERTEX,MAINTENANCE,,
Katherine,Miranda,JH46115,1561649,CENVEO GROUP,2,NOT FOUND,NEXUS,FORFAIT,,
Laura,Oneill,LR70111,4701972,ALCOR SYSTEMS,2,NOT FOUND,NEXUS,FORFAIT,,
Gina,Ramos,WA54759,5910123,ETHOS TECH,2,NOT FOUND,VERTEX,MAINTENANCE,,
Richard,Mckee,DM28799,3903259,GOLZEN CONSULTING,2,NOT FOUND,STELLAR,REGIE,,
Debbie,Rodriguez,YB10157,8178931,JALVIK DIGITAL,2,NOT FOUND,NEXUS,SUPPORT,,
Bradley,Melton,JN38283,5792064,ETHOS DIGITAL,2,NOT FOUND,QUANTUM,MAINTENANCE,,
Noah,Griffin,VC52068,2772110,GOLZEN SOLUTIONS,2,NOT FOUND,NOVA,REGIE,,
Stephanie,Marshall,DF82011,9332598,DELVO DYNAMICS,2,NOT FOUND,ATLAS,FORFAIT,,
Mark,Craig,LY19441,4232686,BRYTON DIGITAL,2,NOT FOUND,STELLAR,REGIE,,
Anthony,Hernandez,EY29291,4148591,BRYTON SOLUTIONS,2,NOT FOUND,VERTEX,FORFAIT,,
Adrian,Potts,GA45134,9420515,HYRION TECH,2,NOT FOUND,STELLAR,FORFAIT,,
Miguel,Palmer,GO35761,3000776,ETHOS SOLUTIONS,2,NOT FOUND,PHOENIX,SUPPORT,,
Christina,Goodman,WR29874,2384336,DELVO DIGITAL,2,NOT FOUND,ORBIT,MAINTENANCE,,
Amanda,Gillespie,YE30522,6927327,JALVIK GROUP,2,NOT FOUND,ORBIT,FORFAIT,,
Ashley,Irwin,BX94577,3106100,JALVIK DIGITAL,2,NOT FOUND,QUANTUM,REGIE,,
Beth,Sellers,VQ39053,2956654,KESTRA SOLUTIONS,2,NOT FOUND,QUANTUM,REGIE,,
Kenneth,Ortiz,GT39573,1585496,LUMEX SYSTEMS,2,NOT FOUND,NOVA,RPS,,
Dana,Oconnor,TL19548,1587038,DELVO SOLUTIONS,2,NOT FOUND,PHOENIX,MAINTENANCE,,
Diane,Zimmerman,FB69657,1220832,JALVIK GLOBAL,2,NOT FOUND,VERTEX,MAINTENANCE,,
Carrie,Mcmillan,PZ60195,3692066,ALCOR VENTURES,2,NOT FOUND,NEXUS,SUPPORT,,
Samantha,Sheppard,IH15917,6538539,GOLZEN SOLUTIONS,2,NOT FOUND,ORBIT,FORFAIT,,
Dillon,Thomas,AU60756,4951007,CENVEO DYNAMICS,2,NOT FOUND,PULSE,FORFAIT,,
Jason,Rodriguez,FR37500,9854625,KESTRA SYSTEMS,2,NOT FOUND,VERTEX,SUPPORT,,
Heather,Wright,ZA23251,4228374,ALCOR VENTURES,2,NOT FOUND,NEXUS,REGIE,,
Rebecca,Holmes,VS33227,7743305,ETHOS GROUP,2,NOT FOUND,STELLAR,RPS,,
Patricia,Morrow,IN96997,8761738,HYRION VENTURES,2,NOT FOUND,PHOENIX,FORFAIT,,
Christy,Liu,BS82222,1163751,LUMEX GROUP,2,NOT FOUND,NOVA,FORFAIT,,
Rebecca,Moore,WE90627,3139186,JALVIK GLOBAL,2,NOT FOUND,STELLAR,FORFAIT,,
James,Johnson,MS76381,8947853,INOVA DIGITAL,2,NOT FOUND,PULSE,SUPPORT,,
Joseph,Cox,FJ39338,3942330,FORVEX TECH,2,NOT FOUND,QUANTUM,REGIE,,
Joanna,Keith,FF82864,8848056,ALCOR SOLUTIONS,2,NOT FOUND,PULSE,FORFAIT,,
Diane,Sawyer,PZ53070,5995264,CENVEO GLOBAL,2,NOT FOUND,PHOENIX,FORFAIT,,
Kathryn,Ellis,LY51577,7168112,JALVIK CONSULTING,2,NOT FOUND,QUANTUM,FORFAIT,,
Douglas,Lopez,CP37650,9595866,GOLZEN GROUP,2,NOT FOUND,PHOENIX,FORFAIT,,
Rebecca,Pratt,VQ66693,6368008,ETHOS GROUP,2,NOT FOUND,NOVA,FORFAIT,,
Pamela,Serrano,VZ88509,7974807,GOLZEN SOLUTIONS,2,NOT FOUND,STELLAR,FORFAIT,,
Margaret,Mann,GV77700,9553987,JALVIK DIGITAL,2,NOT FOUND,QUANTUM,FORFAIT,,
John,Johnson,SM95402,5708138,DELVO DIGITAL,2,NOT FOUND,PULSE,MAINTENANCE,,
Pamela,Noble,SZ86389,2399402,GOLZEN DIGITAL,2,NOT FOUND,PHOENIX,FORFAIT,,
Rachel,Hernandez,HS36342,3250334,CENVEO SYSTEMS,2,NOT FOUND,NOVA,SUPPORT,,
Rebecca,Short,UL42374,6636956,KESTRA SOLUTIONS,2,NOT FOUND,ORBIT,MAINTENANCE,,
Carmen,Brown,KY53793,5783084,KESTRA TECH,2,NOT FOUND,VERTEX,REGIE,,
Christopher,Church,IO04175,8122850,INOVA CONSULTING,2,NOT FOUND,VERTEX,MAINTENANCE,,
Anthony,Munoz,NN58616,8303879,ALCOR GROUP,2,NOT FOUND,NOVA,REGIE,,
Erica,Hammond,VF61423,1946552,ALCOR CONSULTING,2,NOT FOUND,ORBIT,RPS,,
Tamara,Peterson,MV06991,2979344,GOLZEN DIGITAL,2,NOT FOUND,NEXUS,REGIE,,
Kelly,Weber,SK35155,6324952,DELVO DYNAMICS,2,NOT FOUND,NOVA,MAINTENANCE,,
Kimberly,Rosario,ML23590,3447970,JALVIK TECH,2,NOT FOUND,PULSE,RPS,,
Christopher,Johnson,FP37325,2791828,INOVA VENTURES,2,NOT FOUND,ORBIT,SUPPORT,,
Angela,Shannon,TF14115,1887206,JALVIK TECH,2,NOT FOUND,NEXUS,FORFAIT,,
Amber,Pena,AO31399,9204704,KESTRA DYNAMICS,2,NOT FOUND,ATLAS,REGIE,,
Jennifer,Garrison,OV64438,8004345,LUMEX VENTURES,2,NOT FOUND,STELLAR,FORFAIT,,
John,Hess,ZO09066,8493580,KESTRA GLOBAL,2,NOT FOUND,QUANTUM,SUPPORT,,
Ronald,Guerra,ZH18844,4910724,HYRION CONSULTING,2,NOT FOUND,NOVA,MAINTENANCE,,
James,Alvarez,IC80359,2931289,GOLZEN SOLUTIONS,2,NOT FOUND,QUANTUM,SUPPORT,,
Michael,Washington,KF80731,2633794,CENVEO CONSULTING,2,NOT FOUND,ORBIT,RPS,,
Brandon,Herman,ER62134,3961052,CENVEO DYNAMICS,2,NOT FOUND,PULSE,FORFAIT,,
James,Clarke,UK15645,8896487,HYRION DYNAMICS,2,NOT FOUND,ORBIT,FORFAIT,,
Jennifer,Brooks,OX24014,5224408,ALCOR DYNAMICS,2,NOT FOUND,ORBIT,FORFAIT,,
Stacy,Clark,QC51797,9711669,CENVEO DIGITAL,2,NOT FOUND,NOVA,RPS,,
Susan,Leon,IZ05914,2577186,ALCOR DYNAMICS,2,NOT FOUND,ORBIT,MAINTENANCE,,
Dawn,Escobar,TN85540,6412497,ETHOS DIGITAL,2,NOT FOUND,NOVA,RPS,,
Christopher,King,PG37772,1900165,GOLZEN CONSULTING,2,NOT FOUND,VERTEX,FORFAIT,,
Brian,Donovan,SF17391,2611017,BRYTON SOLUTIONS,2,NOT FOUND,ORBIT,REGIE,,
Robert,Henry,HO71920,1594935,HYRION GROUP,2,NOT FOUND,NOVA,MAINTENANCE,,
Casey,Melton,VM80533,1155136,DELVO TECH,2,NOT FOUND,ORBIT,FORFAIT,,
Debra,Anderson,LJ26755,6757005,LUMEX SYSTEMS,2,NOT FOUND,ATLAS,FORFAIT,,
Kristina,Jackson,BY59453,4815391,DELVO GLOBAL,2,NOT FOUND,ORBIT,MAINTENANCE,,
Derek,Bennett,UI91740,6508921,BRYTON SOLUTIONS,2,NOT FOUND,ATLAS,FORFAIT,,
Jose,Wall,YK52792,4046817,CENVEO GLOBAL,2,NOT FOUND,NEXUS,FORFAIT,,
William,Wheeler,SO78863,5623090,LUMEX TECH,2,NOT FOUND,STELLAR,REGIE,,
Anthony,Gonzales,HN29397,1570991,DELVO TECH,2,NOT FOUND,NOVA,REGIE,,
Lori,Moore,BI55020,3463810,DELVO DIGITAL,2,NOT FOUND,ORBIT,RPS,,
Lisa,Tate,ZT84209,8692593,JALVIK VENTURES,2,NOT FOUND,NEXUS,RPS,,
Amy,Kelly,CW03199,6067029,CENVEO SYSTEMS,2,NOT FOUND,NOVA,MAINTENANCE,,
Debra,Johnson,OG92288,5814166,LUMEX DYNAMICS,2,NOT FOUND,VERTEX,REGIE,,
Edward,Shea,WB38751,7062823,GOLZEN GLOBAL,2,NOT FOUND,PULSE,SUPPORT,,
Derrick,Ray,IW21712,4446508,DELVO TECH,2,NOT FOUND,ORBIT,SUPPORT,,
Daniel,Walker,VT00869,9278048,ETHOS GLOBAL,2,NOT FOUND,PULSE,MAINTENANCE,,
Allison,Copeland,IV53083,8529951,ALCOR VENTURES,2,NOT FOUND,PHOENIX,REGIE,,
Wayne,Kramer,WQ81370,4674064,LUMEX SOLUTIONS,2,NOT FOUND,NOVA,REGIE,,
Michael,Greene,KB06215,1109990,DELVO GROUP,2,NOT FOUND,ORBIT,RPS,,
Lisa,Jones,IH37419,8920581,INOVA VENTURES,2,NOT FOUND,NEXUS,MAINTENANCE,,
Jessica,Scott,LB99965,3946245,FORVEX DIGITAL,2,NOT FOUND,STELLAR,MAINTENANCE,,
Patrick,Campbell,SQ52676,6546557,GOLZEN GROUP,2,NOT FOUND,STELLAR,RPS,,
Lauren,Cox,DG26933,6780676,DELVO CONSULTING,2,NOT FOUND,PHOENIX,SUPPORT,,
David,Hensley,AJ61648,4758599,BRYTON SYSTEMS,2,NOT FOUND,STELLAR,SUPPORT,,
Alan,Fisher,RB02380,7033580,HYRION SYSTEMS,2,NOT FOUND,NEXUS,REGIE,,
Stephanie,Maldonado,RA97284,9774312,ETHOS TECH,2,NOT FOUND,PULSE,REGIE,,
Kelly,Phillips,CM14046,1895152,JALVIK GROUP,2,NOT FOUND,STELLAR,MAINTENANCE,,
Rachel,Conrad,XL25517,5487564,BRYTON SYSTEMS,2,NOT FOUND,STELLAR,RPS,,
Matthew,Rodriguez,OF77373,2052459,ALCOR SYSTEMS,2,NOT FOUND,VERTEX,FORFAIT,,
James,Bauer,TM60805,4993592,ETHOS SOLUTIONS,2,NOT FOUND,VERTEX,RPS,,
Lisa,Logan,QG12731,9109904,JALVIK DIGITAL,2,NOT FOUND,ATLAS,REGIE,,
Andrea,Diaz,JB86057,6050708,BRYTON GROUP,2,NOT FOUND,QUANTUM,REGIE,,
Donald,Rhodes,MP52691,8306517,JALVIK SYSTEMS,2,NOT FOUND,ORBIT,REGIE,,
Carlos,Jacobs,IN65717,2763242,GOLZEN TECH,2,NOT FOUND,VERTEX,FORFAIT,,
Gabrielle,Lane,DL31441,8786733,ETHOS DYNAMICS,2,NOT FOUND,PHOENIX,FORFAIT,,
Jonathan,Rodriguez,VI26594,7571349,ALCOR CONSULTING,2,NOT FOUND,QUANTUM,REGIE,,
Vincent,Guerrero,FW55541,3505744,KESTRA DIGITAL,2,NOT FOUND,VERTEX,RPS,,
Kim,Fleming,ZZ99547,5156416,ALCOR SOLUTIONS,2,NOT FOUND,PHOENIX,FORFAIT,,
David,Miller,SE81237,8012977,JALVIK DIGITAL,2,NOT FOUND,VERTEX,SUPPORT,,
Lindsay,Walters,TO49349,1339673,LUMEX GLOBAL,2,NOT FOUND,NOVA,MAINTENANCE,,
Todd,Greer,UJ49664,7464042,CENVEO GROUP,2,NOT FOUND,NOVA,RPS,,
Bryan,Reid,DF84980,9329414,CENVEO CONSULTING,2,NOT FOUND,PULSE,RPS,,
Kevin,Garcia,LO36006,9804779,LUMEX VENTURES,2,NOT FOUND,VERTEX,REGIE,,
Darrell,Jackson,ZT65006,5995777,FORVEX SOLUTIONS,2,NOT FOUND,PHOENIX,FORFAIT,,
Christopher,Haney,UP08324,4399196,CENVEO CONSULTING,2,NOT FOUND,PULSE,REGIE,,
Amy,Barr,RF36385,4172547,GOLZEN SOLUTIONS,2,NOT FOUND,NEXUS,RPS,,
Alice,Brady,RQ87057,7465895,JALVIK CONSULTING,2,NOT FOUND,NEXUS,MAINTENANCE,,
Emily,Montes,FZ93204,6878737,FORVEX GROUP,2,NOT FOUND,PULSE,REGIE,,
Dominic,Wheeler,OS39901,5267953,LUMEX SOLUTIONS,2,NOT FOUND,QUANTUM,SUPPORT,,
Rita,Edwards,XO69523,1669883,KESTRA VENTURES,2,NOT FOUND,NEXUS,SUPPORT,,
Shannon,Hudson,TK02079,6804674,GOLZEN SYSTEMS,2,NOT FOUND,ORBIT,MAINTENANCE,,
Mark,Ryan,VC73688,6375880,ALCOR GLOBAL,2,NOT FOUND,STELLAR,RPS,,
Jon,Jones,NO96317,6228141,CENVEO SYSTEMS,2,NOT FOUND,QUANTUM,REGIE,,
Steven,Benson,QP07006,6405872,DELVO SOLUTIONS,2,NOT FOUND,STELLAR,MAINTENANCE,,
Daniel,Munoz,UD96996,4972488,JALVIK SYSTEMS,2,NOT FOUND,NEXUS,SUPPORT,,
Lynn,Holloway,CT33276,8889179,CENVEO TECH,2,NOT FOUND,NEXUS,REGIE,,
Karen,Velazquez,RI25119,1405144,ALCOR DYNAMICS,2,NOT FOUND,ATLAS,SUPPORT,,
Thomas,Stephenson,QY75841,8743133,FORVEX GLOBAL,2,NOT FOUND,PHOENIX,RPS,,
Kathleen,Ortega,SY22356,9858516,KESTRA GROUP,2,NOT FOUND,NEXUS,FORFAIT,,
Crystal,Shepard,PP29851,3703051,ETHOS SOLUTIONS,2,NOT FOUND,VERTEX,RPS,,
Brandon,Orr,QK39762,3613067,CENVEO CONSULTING,2,NOT FOUND,PULSE,MAINTENANCE,,
Valerie,Briggs,YD58646,5076076,KESTRA CONSULTING,2,NOT FOUND,PHOENIX,SUPPORT,,
Heidi,Smith,RG40499,7982073,BRYTON GROUP,2,NOT FOUND,NOVA,MAINTENANCE,,
John,Jordan,VC73656,9924552,CENVEO DYNAMICS,2,NOT FOUND,ORBIT,SUPPORT,,
Michelle,Carter,GU37821,6281960,LUMEX TECH,2,NOT FOUND,ORBIT,SUPPORT,,
Walter,Allen,HW46463,1471375,JALVIK TECH,2,NOT FOUND,NOVA,REGIE,,
Tracy,Robinson,TP11643,5044580,ETHOS DIGITAL,2,NOT FOUND,PHOENIX,SUPPORT,,
Ryan,Reid,NO46237,7031086,JALVIK DIGITAL,2,NOT FOUND,VERTEX,FORFAIT,,
Charles,Williams,UM21826,6248450,ETHOS CONSULTING,2,NOT FOUND,QUANTUM,FORFAIT,,
Nicole,Nguyen,TD61843,3030235,HYRION SOLUTIONS,2,NOT FOUND,NOVA,MAINTENANCE,,
Jennifer,Lee,TO88764,6506426,LUMEX SOLUTIONS,2,NOT FOUND,QUANTUM,MAINTENANCE,,
Franklin,Hoffman,UT66108,4825817,LUMEX GLOBAL,2,NOT FOUND,ORBIT,MAINTENANCE,,
Samantha,Wilson,QT11003,7750736,BRYTON CONSULTING,2,NOT FOUND,ATLAS,REGIE,,
Nicole,Le,II42938,4836682,HYRION CONSULTING,2,NOT FOUND,STELLAR,MAINTENANCE,,
Rachel,Martinez,YT99885,6244804,FORVEX DIGITAL,2,NOT FOUND,NOVA,REGIE,,
Jonathan,Hunt,PW46549,1721756,INOVA GLOBAL,2,NOT FOUND,ORBIT,FORFAIT,,
Sheila,Lawrence,MB39126,2233332,BRYTON DIGITAL,2,NOT FOUND,NEXUS,FORFAIT,,
Rachel,Byrd,NA12491,5994246,GOLZEN GLOBAL,2,NOT FOUND,VERTEX,RPS,,
David,Williams,CB74381,7355111,HYRION GLOBAL,2,NOT FOUND,STELLAR,SUPPORT,,
Daniel,Schwartz,YM18217,1916009,BRYTON CONSULTING,2,NOT FOUND,ATLAS,FORFAIT,,
Julie,Vaughn,NY78341,1440498,CENVEO CONSULTING,2,NOT FOUND,ATLAS,SUPPORT,,
Joshua,Jordan,SI75915,3762851,BRYTON SOLUTIONS,2,NOT FOUND,NEXUS,SUPPORT,,
Angela,Berry,ZX71664,2009489,ETHOS GLOBAL,2,NOT FOUND,ORBIT,SUPPORT,,
John,Nichols,OZ23007,1023007,JALVIK CONSULTING,2,NOT FOUND,NEXUS,RPS,,
Steven,Kelley,FK62477,9552136,ETHOS SYSTEMS,2,NOT FOUND,ATLAS,SUPPORT,,
Breanna,Sanchez,ZA14964,9352057,LUMEX TECH,2,NOT FOUND,STELLAR,SUPPORT,,
Michael,Kirby,YW13179,1847573,CENVEO GLOBAL,2,NOT FOUND,NOVA,SUPPORT,,
Victor,Jones,VK56590,7191663,FORVEX GROUP,2,NOT FOUND,ORBIT,SUPPORT,,
Gabriela,Fox,PZ67871,5151108,GOLZEN DYNAMICS,2,NOT FOUND,PHOENIX,MAINTENANCE,,
Adam,Anderson,XP46212,5776535,CENVEO SOLUTIONS,2,NOT FOUND,PHOENIX,RPS,,
Madison,Klein,EQ96397,5465994,CENVEO GLOBAL,2,NOT FOUND,STELLAR,SUPPORT,,
Allison,Clark,WI54110,9104375,BRYTON DYNAMICS,2,NOT FOUND,ORBIT,MAINTENANCE,,
Chad,Hall,PR02138,3489671,ETHOS VENTURES,2,NOT FOUND,STELLAR,RPS,,
Adam,Logan,QS21073,5167768,INOVA DIGITAL,2,NOT FOUND,PULSE,FORFAIT,,
Thomas,Miles,BE84669,5928604,FORVEX DIGITAL,2,NOT FOUND,NOVA,RPS,,
Donald,Bailey,AN70107,2505549,ETHOS SOLUTIONS,2,NOT FOUND,PULSE,SUPPORT,,
Robert,Blanchard,KN91055,8507253,INOVA CONSULTING,2,NOT FOUND,VERTEX,REGIE,,
Jessica,Sanford,DW90651,9386312,KESTRA DIGITAL,2,NOT FOUND,PULSE,SUPPORT,,
Travis,Hale,YT67358,3140063,JALVIK GROUP,2,NOT FOUND,NEXUS,SUPPORT,,
Sara,Romero,LF76389,2301554,DELVO GROUP,2,NOT FOUND,NEXUS,REGIE,,
Brenda,Cooper,XU59482,6413860,KESTRA SYSTEMS,2,NOT FOUND,PULSE,SUPPORT,,
Mary,Lawrence,OG56400,8844155,HYRION GLOBAL,2,NOT FOUND,STELLAR,SUPPORT,,
Ryan,Brock,LK53582,9662443,DELVO DYNAMICS,2,NOT FOUND,STELLAR,FORFAIT,,
Ivan,Nguyen,XW15311,7284658,ALCOR DIGITAL,2,NOT FOUND,STELLAR,MAINTENANCE,,
Donna,White,IG04438,2037610,ETHOS VENTURES,2,NOT FOUND,ORBIT,FORFAIT,,
Darryl,Mccullough,CY21197,1718715,DELVO SYSTEMS,2,NOT FOUND,ORBIT,FORFAIT,,
Thomas,Turner,VJ89383,6722662,INOVA GLOBAL,2,NOT FOUND,PULSE,MAINTENANCE,,
Laura,Salas,WY35683,5388696,ALCOR GLOBAL,2,NOT FOUND,ATLAS,FORFAIT,,
Stephen,Costa,IN58489,3101818,FORVEX CONSULTING,2,NOT FOUND,STELLAR,FORFAIT,,
Jacob,Charles,KN51829,5346118,LUMEX VENTURES,2,NOT FOUND,ORBIT,REGIE,,
Kathryn,Santos,PS54364,2379773,ALCOR SOLUTIONS,2,NOT FOUND,STELLAR,RPS,,
Katherine,Arnold,LD23521,6717066,BRYTON TECH,2,NOT FOUND,QUANTUM,SUPPORT,,
Tracy,Hunt,PF14070,8408933,DELVO GROUP,2,NOT FOUND,QUANTUM,FORFAIT,,
Phillip,Carter,AA02654,9295896,HYRION DIGITAL,2,NOT FOUND,ORBIT,REGIE,,
Steven,Matthews,RM60122,7581712,BRYTON DIGITAL,2,NOT FOUND,STELLAR,MAINTENANCE,,
Shane,Welch,NF57642,7047567,KESTRA VENTURES,2,NOT FOUND,NOVA,RPS,,
Jose,Barber,LU83675,4036901,INOVA DIGITAL,2,NOT FOUND,ORBIT,FORFAIT,,
Laurie,Burns,EI99177,8758302,ETHOS SOLUTIONS,2,NOT FOUND,STELLAR,FORFAIT,,
Deanna,Ford,XL88575,2795018,JALVIK SOLUTIONS,2,NOT FOUND,ORBIT,RPS,,
Nicholas,Webb,NS18622,6408961,GOLZEN GLOBAL,2,NOT FOUND,PULSE,MAINTENANCE,,
Michael,Hinton,CG64309,6622529,LUMEX CONSULTING,2,NOT FOUND,NOVA,MAINTENANCE,,
Chloe,Johnson,PD10162,8108095,GOLZEN DIGITAL,2,NOT FOUND,QUANTUM,RPS,,
David,Lloyd,VL81409,4958592,DELVO GLOBAL,2,NOT FOUND,STELLAR,SUPPORT,,
Heather,Murphy,CZ34800,8855818,HYRION TECH,2,NOT FOUND,VERTEX,FORFAIT,,
Sarah,West,OD27130,4879016,JALVIK SYSTEMS,2,NOT FOUND,NEXUS,REGIE,,
Kimberly,West,HS83815,3537637,FORVEX TECH,2,NOT FOUND,NEXUS,SUPPORT,,
Abigail,Fox,IA61361,5191662,GOLZEN SOLUTIONS,2,NOT FOUND,PULSE,FORFAIT,,
Nathan,Gutierrez,IZ74753,7695978,DELVO DIGITAL,2,NOT FOUND,PULSE,REGIE,,
Sherry,Le,XJ47575,3283418,INOVA SYSTEMS,2,NOT FOUND,PHOENIX,REGIE,,
Jake,Rogers,UD79053,4280727,JALVIK GROUP,2,NOT FOUND,PHOENIX,SUPPORT,,
Samantha,Allen,HD67517,1114280,INOVA SYSTEMS,2,NOT FOUND,PULSE,SUPPORT,,
Jesse,Taylor,JL92408,6369077,LUMEX DYNAMICS,2,NOT FOUND,PULSE,REGIE,,
Alexander,Schmidt,FL47691,4044669,CENVEO GROUP,2,NOT FOUND,QUANTUM,REGIE,,
Gregory,Barker,AH04414,4808640,GOLZEN SOLUTIONS,2,NOT FOUND,NEXUS,FORFAIT,,
Danielle,Hodges,GW05758,3141066,CENVEO CONSULTING,2,NOT FOUND,ATLAS,FORFAIT,,
William,Murphy,MX76206,8916167,INOVA DIGITAL,2,NOT FOUND,PHOENIX,RPS,,
Timothy,Odonnell,YI96924,8865582,JALVIK DYNAMICS,2,NOT FOUND,STELLAR,SUPPORT,,
Sheila,Russell,TV29892,5592402,FORVEX VENTURES,2,NOT FOUND,VERTEX,FORFAIT,,
Clarence,Foster,OA46470,4780154,BRYTON SYSTEMS,2,NOT FOUND,ORBIT,MAINTENANCE,,
Vanessa,Sanchez,IP27675,8242833,HYRION CONSULTING,2,NOT FOUND,PULSE,SUPPORT,,
Elizabeth,Marsh,SH90734,7238707,HYRION SYSTEMS,2,NOT FOUND,ORBIT,SUPPORT,,
Austin,Erickson,YS80477,1323740,KESTRA TECH,2,NOT FOUND,ORBIT,SUPPORT,,
Maria,Fisher,ZV24010,6165459,INOVA GLOBAL,2,NOT FOUND,STELLAR,SUPPORT,,
Paul,Blake,EH50431,6674215,KESTRA GLOBAL,2,NOT FOUND,QUANTUM,FORFAIT,,
Kimberly,Hancock,QG62769,5437096,CENVEO CONSULTING,2,NOT FOUND,ORBIT,FORFAIT,,
Wesley,Daniels,ZJ18704,2799157,ALCOR DIGITAL,2,NOT FOUND,PULSE,FORFAIT,,
Douglas,Hamilton,BI32568,8776231,BRYTON CONSULTING,2,NOT FOUND,PHOENIX,REGIE,,
Mitchell,Krueger,CY05223,7241532,LUMEX TECH,2,NOT FOUND,STELLAR,REGIE,,
Richard,Walls,MU82157,8477373,ALCOR VENTURES,2,NOT FOUND,PHOENIX,SUPPORT,,
Daniel,Martin,RI72400,7137593,ALCOR VENTURES,2,NOT FOUND,ATLAS,SUPPORT,,
Frances,Diaz,MG14090,9339382,ETHOS SOLUTIONS,2,NOT FOUND,ATLAS,FORFAIT,,
Miranda,Cantu,IK83451,1986055,ETHOS CONSULTING,2,NOT FOUND,ORBIT,RPS,,
Joshua,Mcconnell,AC86724,8463595,FORVEX TECH,2,NOT FOUND,NOVA,RPS,,
Curtis,Ritter,JX63392,2700726,DELVO SYSTEMS,2,NOT FOUND,ATLAS,RPS,,
Laurie,Henderson,CN13601,5285218,INOVA CONSULTING,2,NOT FOUND,NOVA,MAINTENANCE,,
Sandy,Bowman,QX74676,2810544,DELVO TECH,2,NOT FOUND,STELLAR,MAINTENANCE,,
Andrew,Diaz,OL27393,2804122,ETHOS GLOBAL,2,NOT FOUND,PHOENIX,FORFAIT,,
Karen,Taylor,DS68993,9692697,JALVIK DYNAMICS,2,NOT FOUND,PHOENIX,RPS,,
Yvette,Torres,NP74912,8762538,KESTRA CONSULTING,2,NOT FOUND,QUANTUM,SUPPORT,,
Nicholas,Phillips,SA62713,5929039,HYRION VENTURES,2,NOT FOUND,NOVA,MAINTENANCE,,
Zachary,Gill,WO77990,5978852,LUMEX GROUP,2,NOT FOUND,STELLAR,MAINTENANCE,,
Mary,Gallagher,IV26074,9736554,LUMEX TECH,2,NOT FOUND,PHOENIX,REGIE,,
Nicholas,Robinson,VY12640,2243352,DELVO GLOBAL,2,NOT FOUND,QUANTUM,RPS,,
Scott,Taylor,QS26677,1440662,FORVEX TECH,2,NOT FOUND,ORBIT,RPS,,
Benjamin,Williams,ZS02853,3437033,FORVEX DIGITAL,2,NOT FOUND,PHOENIX,FORFAIT,,
Robert,Williamson,LT79286,2359912,CENVEO VENTURES,2,NOT FOUND,PHOENIX,SUPPORT,,
Kristi,Gilbert,UQ59209,2360546,DELVO GROUP,2,NOT FOUND,PULSE,FORFAIT,,
Shawn,Reese,YU85815,5174825,LUMEX DIGITAL,2,NOT FOUND,PULSE,SUPPORT,,
Randy,Vaughn,VS97774,2029929,BRYTON DYNAMICS,2,NOT FOUND,QUANTUM,REGIE,,
Keith,Hall,CX30878,3891735,JALVIK DIGITAL,2,NOT FOUND,ATLAS,REGIE,,
Sharon,Spencer,LA63432,1091896,ALCOR SYSTEMS,2,NOT FOUND,NEXUS,FORFAIT,,
Sharon,Lee,LJ82279,5845619,GOLZEN SOLUTIONS,2,NOT FOUND,VERTEX,MAINTENANCE,,
Ashley,Hoffman,QT58367,4549195,JALVIK CONSULTING,2,NOT FOUND,QUANTUM,REGIE,,
Ebony,Porter,GV63484,6774676,LUMEX CONSULTING,2,NOT FOUND,NOVA,RPS,,
Christopher,Powers,OD23640,6697118,ETHOS TECH,2,NOT FOUND,ORBIT,REGIE,,
Brandon,Martin,CF25315,1326043,ALCOR SOLUTIONS,2,NOT FOUND,QUANTUM,RPS,,
Kimberly,Leblanc,ZU30525,5850265,FORVEX DYNAMICS,2,NOT FOUND,PULSE,SUPPORT,,
Nicholas,Boyle,KC31719,2586973,KESTRA TECH,2,NOT FOUND,VERTEX,REGIE,,
Stephanie,Nguyen,TW31512,8413984,GOLZEN SYSTEMS,2,NOT FOUND,NOVA,RPS,,
Jared,Dudley,ST97706,9509796,CENVEO DYNAMICS,2,NOT FOUND,PHOENIX,SUPPORT,,
Alexander,Bates,XD41526,3973350,BRYTON VENTURES,2,NOT FOUND,STELLAR,MAINTENANCE,,
Julie,Green,XG84787,1553352,BRYTON GROUP,2,NOT FOUND,QUANTUM,MAINTENANCE,,
Ashley,Ortiz,SL16121,6651907,BRYTON VENTURES,2,NOT FOUND,PHOENIX,SUPPORT,,
Dwayne,Davis,RP13101,2979604,BRYTON GROUP,2,NOT FOUND,PHOENIX,FORFAIT,,
Adrian,Christensen,NH18625,1884795,CENVEO GROUP,2,NOT FOUND,PHOENIX,SUPPORT,,
Victoria,Collins,HF30876,7261114,ALCOR TECH,2,NOT FOUND,PHOENIX,REGIE,,
Isaac,Armstrong,FN22711,1990600,GOLZEN GLOBAL,2,NOT FOUND,PHOENIX,FORFAIT,,
Charles,Jones,DP67803,6967691,CENVEO GROUP,2,NOT FOUND,VERTEX,RPS,,
Nicole,Arellano,BS79804,2220624,JALVIK GLOBAL,2,NOT FOUND,VERTEX,RPS,,
Jacob,Arroyo,TC43956,2077311,FORVEX SOLUTIONS,2,NOT FOUND,PULSE,RPS,,
Wesley,Myers,RR78304,6742894,JALVIK VENTURES,2,NOT FOUND,VERTEX,SUPPORT,,
Pamela,Gates,EE54228,5704940,INOVA TECH,2,NOT FOUND,ORBIT,SUPPORT,,
Kaitlin,Owen,BO40681,6602730,ETHOS SOLUTIONS,2,NOT FOUND,PULSE,RPS,,
Angela,Burns,VA21591,9440583,DELVO DIGITAL,2,NOT FOUND,ATLAS,SUPPORT,,
Ryan,Tucker,BZ39710,5570373,CENVEO CONSULTING,2,NOT FOUND,VERTEX,FORFAIT,,
Rachel,Taylor,PD24632,3292502,DELVO DYNAMICS,2,NOT FOUND,PULSE,REGIE,,
Julia,Garrison,RO65169,3268899,ALCOR DYNAMICS,2,NOT FOUND,PULSE,REGIE,,
Stephen,Howard,YZ19005,8639426,HYRION VENTURES,2,NOT FOUND,PHOENIX,FORFAIT,,
Maria,Austin,KT23189,5861003,HYRION TECH,2,NOT FOUND,NOVA,FORFAIT,,
Breanna,Garcia,IX08645,5127182,INOVA GROUP,2,NOT FOUND,PHOENIX,MAINTENANCE,,
Paul,Meyer,ZY93245,6102072,DELVO CONSULTING,2,NOT FOUND,ATLAS,MAINTENANCE,,
Wesley,Robinson,EB30159,5437515,GOLZEN SYSTEMS,2,NOT FOUND,NEXUS,RPS,,
Kristen,Pugh,TQ55981,1584836,INOVA DYNAMICS,2,NOT FOUND,NEXUS,FORFAIT,,
Karen,Hayes,LG51381,4781342,HYRION TECH,2,NOT FOUND,QUANTUM,FORFAIT,,
Laura,Crane,GD43898,2453059,BRYTON TECH,2,NOT FOUND,PULSE,REGIE,,
Benjamin,Joseph,SC53485,5343580,DELVO DYNAMICS,2,NOT FOUND,QUANTUM,FORFAIT,,
Peter,Dodson,JY89282,8028030,ETHOS DIGITAL,2,NOT FOUND,ATLAS,REGIE,,
Donald,Lopez,ZJ59353,5161456,DELVO GROUP,2,NOT FOUND,NOVA,SUPPORT,,
David,Mills,QY21332,4383528,BRYTON SYSTEMS,2,NOT FOUND,VERTEX,REGIE,,
Kerry,Carter,DC94898,8848524,KESTRA SOLUTIONS,2,NOT FOUND,NOVA,FORFAIT,,
Glenn,Singleton,KG06029,2603300,ALCOR DIGITAL,2,NOT FOUND,QUANTUM,FORFAIT,,
Angela,Parks,DO96702,5254274,INOVA DYNAMICS,2,NOT FOUND,PHOENIX,SUPPORT,,
Samuel,Robbins,EV39924,6866014,KESTRA GROUP,2,NOT FOUND,VERTEX,FORFAIT,,
Sarah,Thompson,JK17634,9679678,ALCOR DYNAMICS,2,NOT FOUND,PULSE,RPS,,
Tony,Christensen,EA03385,6892235,HYRION DIGITAL,2,NOT FOUND,PULSE,SUPPORT,,
Thomas,Stark,KD09935,4981245,INOVA GLOBAL,2,NOT FOUND,PHOENIX,RPS,,
Lisa,Burton,UJ90918,8529317,LUMEX GROUP,2,NOT FOUND,STELLAR,FORFAIT,,
Nicholas,Williams,QS93283,4914728,INOVA SOLUTIONS,2,NOT FOUND,STELLAR,FORFAIT,,
Nathan,Davis,CD89636,9321367,ALCOR DYNAMICS,2,NOT FOUND,QUANTUM,RPS,,
Shane,Myers,IB50152,7801420,JALVIK DYNAMICS,2,NOT FOUND,VERTEX,SUPPORT,,
Natalie,Perez,NK36339,2827236,BRYTON GLOBAL,2,NOT FOUND,NOVA,RPS,,
Zachary,Hill,PJ41127,6419307,CENVEO CONSULTING,2,NOT FOUND,QUANTUM,SUPPORT,,
Kyle,Mays,ZQ27526,7124559,JALVIK GLOBAL,2,NOT FOUND,ORBIT,FORFAIT,,
Donna,Webb,AD26494,1753493,ETHOS SOLUTIONS,2,NOT FOUND,VERTEX,SUPPORT,,
Matthew,Kelly,XI95695,8678860,DELVO GLOBAL,2,NOT FOUND,NOVA,RPS,,
Katherine,Davis,SS46524,9944789,ALCOR GLOBAL,2,NOT FOUND,ORBIT,RPS,,
Adriana,Lewis,II50836,5189599,FORVEX CONSULTING,2,NOT FOUND,STELLAR,MAINTENANCE,,
John,Carroll,ZQ03559,7323674,FORVEX GROUP,2,NOT FOUND,STELLAR,MAINTENANCE,,
Luis,Palmer,RZ72132,4004015,JALVIK SOLUTIONS,2,NOT FOUND,ORBIT,FORFAIT,,
Victoria,Silva,CL88647,9786182,ETHOS VENTURES,2,NOT FOUND,NEXUS,FORFAIT,,
Jeremy,Bailey,ZE38956,3224609,INOVA SOLUTIONS,2,NOT FOUND,ATLAS,REGIE,,
Sarah,Smith,NY96014,6822694,FORVEX SYSTEMS,2,NOT FOUND,QUANTUM,REGIE,,
Diana,Knox,WH96396,4999586,BRYTON SOLUTIONS,2,NOT FOUND,VERTEX,MAINTENANCE,,
Carlos,Washington,FC41826,5497205,DELVO DIGITAL,2,NOT FOUND,ATLAS,RPS,,
Jeffrey,Strickland,NM05541,3627907,LUMEX GROUP,2,NOT FOUND,STELLAR,REGIE,,
Dalton,French,BG52361,1255100,LUMEX DYNAMICS,2,NOT FOUND,VERTEX,REGIE,,
Peter,Clements,AU69566,7376537,LUMEX VENTURES,2,NOT FOUND,PHOENIX,RPS,,
Kiara,Ryan,PF44090,9310258,ETHOS VENTURES,2,NOT FOUND,QUANTUM,FORFAIT,,
Timothy,Taylor,WH80840,5628064,GOLZEN DYNAMICS,2,NOT FOUND,QUANTUM,REGIE,,
Johnny,Whitehead,XM22028,5355522,GOLZEN SOLUTIONS,2,NOT FOUND,ORBIT,SUPPORT,,
Steven,Morales,QU49915,7158247,KESTRA VENTURES,2,NOT FOUND,NOVA,REGIE,,
Tricia,Freeman,EI65908,5913953,JALVIK GROUP,2,NOT FOUND,NOVA,RPS,,
Jill,Anderson,CC57865,4844438,JALVIK SOLUTIONS,2,NOT FOUND,PHOENIX,FORFAIT,,
Victoria,Stewart,YP37573,5323117,ALCOR GROUP,2,NOT FOUND,STELLAR,FORFAIT,,
Anna,Malone,TO01438,2048388,JALVIK GLOBAL,2,NOT FOUND,QUANTUM,RPS,,
Brittany,Gentry,JS02151,4458001,FORVEX DYNAMICS,2,NOT FOUND,QUANTUM,FORFAIT,,
David,Porter,HI76171,1051737,DELVO SOLUTIONS,2,NOT FOUND,ORBIT,RPS,,
Debra,Carney,YQ02621,5473686,LUMEX DIGITAL,2,NOT FOUND,QUANTUM,SUPPORT,,
David,Hale,LD20247,3069630,JALVIK DYNAMICS,2,NOT FOUND,VERTEX,SUPPORT,,
James,Bird,IZ11259,4043373,GOLZEN DIGITAL,2,NOT FOUND,ATLAS,MAINTENANCE,,
Willie,Cruz,WD01079,4941823,HYRION SYSTEMS,2,NOT FOUND,NOVA,FORFAIT,,
Robert,Martinez,UR82477,6963820,BRYTON GROUP,2,NOT FOUND,ORBIT,MAINTENANCE,,
Raymond,Long,TO67287,6949751,LUMEX VENTURES,2,NOT FOUND,VERTEX,FORFAIT,,
Rachel,Patrick,XM47319,4774430,CENVEO VENTURES,2,NOT FOUND,STELLAR,MAINTENANCE,,
Keith,Griffin,GL29863,8661960,CENVEO DIGITAL,2,NOT FOUND,PHOENIX,REGIE,,
Joanna,Brown,EL71395,9739997,ALCOR GROUP,2,NOT FOUND,STELLAR,MAINTENANCE,,
Margaret,Berg,TN28579,3630938,JALVIK DIGITAL,2,NOT FOUND,NEXUS,FORFAIT,,
Joshua,Moses,NL10923,7118906,INOVA GLOBAL,2,NOT FOUND,NEXUS,MAINTENANCE,,
Rickey,Vincent,OQ26671,8434913,ALCOR GLOBAL,2,NOT FOUND,VERTEX,REGIE,,
Matthew,Holt,PI89825,8303927,HYRION DIGITAL,2,NOT FOUND,NEXUS,FORFAIT,,
Juan,Peterson,TK29584,3770936,KESTRA SOLUTIONS,2,NOT FOUND,VERTEX,SUPPORT,,
Eric,Hughes,LD77766,9769105,LUMEX SOLUTIONS,2,NOT FOUND,PULSE,REGIE,,
Sarah,Holmes,PQ09951,8339675,INOVA DIGITAL,2,NOT FOUND,VERTEX,REGIE,,
Justin,Scott,HW93992,6102309,KESTRA DYNAMICS,2,NOT FOUND,PULSE,RPS,,
Robert,Phillips,RP53912,8249123,CENVEO SYSTEMS,2,NOT FOUND,NOVA,RPS,,
Daniel,Rodriguez,TZ70862,3457894,KESTRA VENTURES,2,NOT FOUND,VERTEX,SUPPORT,,
Jeremy,Gardner,GE86486,7274256,JALVIK CONSULTING,2,NOT FOUND,ATLAS,REGIE,,
Roger,Joseph,BS45075,3257112,GOLZEN DIGITAL,2,NOT FOUND,NEXUS,REGIE,,
Cheyenne,Bailey,GN15713,6007091,LUMEX VENTURES,2,NOT FOUND,STELLAR,FORFAIT,,
Austin,Lowery,XI77763,4837560,FORVEX SYSTEMS,2,NOT FOUND,STELLAR,SUPPORT,,
Samuel,Robinson,YM87930,2269295,FORVEX DYNAMICS,2,NOT FOUND,NOVA,MAINTENANCE,,
Patricia,Morgan,BG35760,8211176,CENVEO GLOBAL,2,NOT FOUND,VERTEX,RPS,,
Laurie,Finley,OF47896,3531806,KESTRA GROUP,2,NOT FOUND,ORBIT,REGIE,,
Jennifer,Soto,XY20481,3756790,HYRION TECH,2,NOT FOUND,NOVA,MAINTENANCE,,
Gregory,Lester,CC40874,4569216,CENVEO GROUP,2,NOT FOUND,VERTEX,SUPPORT,,
William,Ramirez,HL90340,7898015,DELVO SYSTEMS,2,NOT FOUND,ATLAS,RPS,,
Thomas,Price,EA70355,3470134,KESTRA SYSTEMS,2,NOT FOUND,STELLAR,RPS,,
Megan,Hernandez,NP87951,1238176,LUMEX GLOBAL,2,NOT FOUND,NEXUS,FORFAIT,,
Emily,Daniels,BU21532,8615673,LUMEX SOLUTIONS,2,NOT FOUND,ATLAS,REGIE,,
Patricia,Valdez,HB98414,5004206,ALCOR VENTURES,2,NOT FOUND,ORBIT,FORFAIT,,
Michelle,Quinn,HC84938,8808139,HYRION SOLUTIONS,2,NOT FOUND,VERTEX,FORFAIT,,
Alan,Simon,HO91118,3778834,INOVA SYSTEMS,2,NOT FOUND,PULSE,REGIE,,
Christopher,Bradley,OW30935,5065216,HYRION TECH,2,NOT FOUND,QUANTUM,FORFAIT,,
Michael,Davis,AI44479,2738382,DELVO DIGITAL,2,NOT FOUND,PULSE,FORFAIT,,
Craig,Ruiz,PX55816,8772960,FORVEX TECH,2,NOT FOUND,NOVA,FORFAIT,,
Timothy,Warren,LS23707,4829610,GOLZEN SOLUTIONS,2,NOT FOUND,STELLAR,SUPPORT,,
Mallory,Glenn,NW94678,3947631,DELVO CONSULTING,2,NOT FOUND,QUANTUM,REGIE,,
Gabriel,Black,PY67233,2161280,ETHOS GLOBAL,2,NOT FOUND,ORBIT,FORFAIT,,
Brianna,Harvey,TX38684,5661281,FORVEX SOLUTIONS,2,NOT FOUND,PULSE,SUPPORT,,
Jennifer,Norris,BF75550,3328934,LUMEX SYSTEMS,2,NOT FOUND,ORBIT,RPS,,
Diane,Wall,II39003,1049313,DELVO SOLUTIONS,2,NOT FOUND,QUANTUM,REGIE,,
Sharon,Estrada,XI19051,2704887,ETHOS TECH,2,NOT FOUND,STELLAR,SUPPORT,,
Anthony,Charles,CW77853,7833586,BRYTON TECH,2,NOT FOUND,PULSE,REGIE,,
Jennifer,Scott,QY20397,2378255,ETHOS DIGITAL,2,NOT FOUND,NOVA,REGIE,,
Richard,Miller,UJ09967,7670146,JALVIK SOLUTIONS,2,NOT FOUND,VERTEX,REGIE,,
Nancy,Carter,HU85470,1650205,INOVA CONSULTING,2,NOT FOUND,PHOENIX,FORFAIT,,
David,Castro,XC56713,3903786,CENVEO SYSTEMS,2,NOT FOUND,PHOENIX,REGIE,,
Becky,King,LP95586,4508613,ETHOS SOLUTIONS,2,NOT FOUND,PULSE,FORFAIT,,
Danielle,Francis,ZB50436,7615982,FORVEX CONSULTING,2,NOT FOUND,VERTEX,FORFAIT,,
Andrea,Price,LS69130,3059111,GOLZEN SOLUTIONS,2,NOT FOUND,PHOENIX,SUPPORT,,
Jordan,Jones,RX94634,9748856,DELVO TECH,2,NOT FOUND,NEXUS,MAINTENANCE,,
Kenneth,Hill,ST11255,1027720,CENVEO GROUP,2,NOT FOUND,QUANTUM,FORFAIT,,
Samantha,Yates,XY69737,6378563,BRYTON GLOBAL,2,NOT FOUND,STELLAR,SUPPORT,,
Dylan,Hamilton,GU07627,2765458,FORVEX GROUP,2,NOT FOUND,VERTEX,MAINTENANCE,,
Matthew,James,NO51269,6159217,ETHOS GROUP,2,NOT FOUND,PHOENIX,REGIE,,
Autumn,Morris,OD58089,6430060,GOLZEN DYNAMICS,2,NOT FOUND,PHOENIX,FORFAIT,,
Tyler,Martin,WQ25666,2853132,LUMEX GLOBAL,2,NOT FOUND,PHOENIX,RPS,,
April,Hall,UG07114,7147760,BRYTON SYSTEMS,2,NOT FOUND,STELLAR,FORFAIT,,
Martha,Dalton,OK14919,6247057,LUMEX VENTURES,2,NOT FOUND,VERTEX,RPS,,
Debbie,Myers,UM64614,8538753,CENVEO TECH,2,NOT FOUND,NOVA,MAINTENANCE,,
Kevin,Meyer,LL40762,9225801,GOLZEN VENTURES,2,NOT FOUND,STELLAR,REGIE,,
Martha,Calderon,CX76421,8569412,CENVEO DIGITAL,2,NOT FOUND,ORBIT,REGIE,,
James,Myers,EG89072,6579819,DELVO SYSTEMS,2,NOT FOUND,PHOENIX,MAINTENANCE,,
Zachary,Taylor,OP19674,8776616,LUMEX DYNAMICS,2,NOT FOUND,ORBIT,RPS,,
Kimberly,Snyder,YA71610,7133479,INOVA TECH,2,NOT FOUND,QUANTUM,SUPPORT,,
Christopher,Lane,OD24706,6691850,KESTRA SYSTEMS,2,NOT FOUND,QUANTUM,REGIE,,
Ryan,Terrell,YM01689,9707683,FORVEX DYNAMICS,2,NOT FOUND,ORBIT,MAINTENANCE,,
Jessica,Williams,HZ37765,8862146,INOVA CONSULTING,2,NOT FOUND,STELLAR,REGIE,,
Nichole,Jones,MR64342,4199013,INOVA GLOBAL,2,NOT FOUND,PULSE,MAINTENANCE,,
Cindy,Williams,JD55477,8709088,JALVIK GLOBAL,2,NOT FOUND,STELLAR,REGIE,,
Teresa,Durham,FF71805,5002150,CENVEO DIGITAL,2,NOT FOUND,PULSE,RPS,,
Caleb,Soto,GP93631,4941200,CENVEO SOLUTIONS,2,NOT FOUND,QUANTUM,SUPPORT,,
Laurie,Wright,OV81480,2052094,ALCOR GLOBAL,2,NOT FOUND,ATLAS,SUPPORT,,
Michael,Hubbard,UX63130,9091205,LUMEX DIGITAL,2,NOT FOUND,QUANTUM,MAINTENANCE,,
Joel,Brooks,AF85241,4841042,ALCOR GLOBAL,2,NOT FOUND,QUANTUM,RPS,,
Billy,Waller,CC10919,3608921,DELVO GROUP,2,NOT FOUND,STELLAR,RPS,,
Jennifer,Scott,IL99996,2647540,DELVO DIGITAL,2,NOT FOUND,VERTEX,RPS,,
Jennifer,Bond,UP84496,2511256,KESTRA GLOBAL,2,NOT FOUND,NEXUS,SUPPORT,,
Michael,Odom,OM86706,9665943,CENVEO SYSTEMS,2,NOT FOUND,NEXUS,RPS,,
Mitchell,Galloway,GB22898,4308798,ETHOS VENTURES,2,NOT FOUND,ATLAS,FORFAIT,,
Thomas,Griffin,WE95352,2342449,HYRION SYSTEMS,2,NOT FOUND,ATLAS,RPS,,
Rebekah,Frazier,AA99923,9512593,FORVEX GROUP,2,NOT FOUND,PULSE,MAINTENANCE,,
Zachary,Nguyen,SP97009,6840953,FORVEX SYSTEMS,2,NOT FOUND,STELLAR,SUPPORT,,
Daniel,Hawkins,LA45722,6709887,DELVO SYSTEMS,2,NOT FOUND,QUANTUM,MAINTENANCE,,
Roger,Rivera,IL31514,4031298,JALVIK SOLUTIONS,2,NOT FOUND,NEXUS,MAINTENANCE,,
Jillian,Gonzalez,AB38304,3495562,ALCOR GROUP,2,NOT FOUND,STELLAR,MAINTENANCE,,
Lori,Lozano,BP78440,2715503,GOLZEN GLOBAL,2,NOT FOUND,NEXUS,SUPPORT,,
Timothy,Kennedy,AE39301,9807966,INOVA VENTURES,2,NOT FOUND,ATLAS,REGIE,,
Danielle,Reed,DL27869,5184482,ALCOR VENTURES,2,NOT FOUND,NEXUS,SUPPORT,,
Mathew,Bailey,OE42055,3819632,BRYTON DYNAMICS,2,NOT FOUND,ATLAS,RPS,,
Edward,Young,TY54870,9027810,INOVA DIGITAL,2,NOT FOUND,NOVA,FORFAIT,,
Benjamin,Walter,XS36176,4379701,JALVIK VENTURES,2,NOT FOUND,NEXUS,RPS,,
Jeremy,Adams,RW85610,3152259,GOLZEN TECH,2,NOT FOUND,PULSE,REGIE,,
Jessica,Hansen,CW87145,3863499,DELVO GLOBAL,2,NOT FOUND,VERTEX,MAINTENANCE,,
Caleb,Rojas,KH61544,9530733,FORVEX DYNAMICS,2,NOT FOUND,NEXUS,FORFAIT,,
Kayla,Chang,EN50162,2436028,KESTRA DYNAMICS,2,NOT FOUND,QUANTUM,REGIE,,
Christopher,Page,XL26579,1352329,JALVIK TECH,2,NOT FOUND,PULSE,RPS,,
Robert,Soto,LW95841,6764673,HYRION GROUP,2,NOT FOUND,NOVA,RPS,,
Rodney,Baker,MD14565,4458470,BRYTON DYNAMICS,2,NOT FOUND,PULSE,REGIE,,
William,Randall,EB55642,5655348,ALCOR TECH,2,NOT FOUND,ATLAS,SUPPORT,,
Frank,Simpson,EC52823,4390719,JALVIK DYNAMICS,2,NOT FOUND,ATLAS,FORFAIT,,
Amanda,Watson,GW52435,4421354,LUMEX VENTURES,2,NOT FOUND,PULSE,REGIE,,
James,Price,RA40080,3276570,BRYTON CONSULTING,2,NOT FOUND,PULSE,REGIE,,
Christopher,Hernandez,CW11930,6246763,BRYTON CONSULTING,2,NOT FOUND,PHOENIX,FORFAIT,,
Jon,Jackson,HQ37942,6719816,ALCOR CONSULTING,2,NOT FOUND,ATLAS,REGIE,,
Richard,Hines,BN00325,3965085,FORVEX SYSTEMS,2,NOT FOUND,STELLAR,RPS,,
Isaiah,Miller,MN84214,5808590,DELVO TECH,2,NOT FOUND,NOVA,RPS,,
Sara,Perez,RZ11083,9616349,BRYTON GLOBAL,2,NOT FOUND,ATLAS,MAINTENANCE,,
Emily,Vasquez,VK00548,5833166,FORVEX TECH,2,NOT FOUND,PULSE,REGIE,,
John,Thomas,MU58180,6743186,FORVEX GLOBAL,2,NOT FOUND,PHOENIX,SUPPORT,,
Jesse,Taylor,DU65810,2739947,FORVEX GROUP,2,NOT FOUND,ATLAS,SUPPORT,,
Heidi,Armstrong,WD75565,1726975,KESTRA GROUP,2,NOT FOUND,STELLAR,FORFAIT,,
Todd,Anderson,KB83767,2830301,DELVO VENTURES,2,NOT FOUND,QUANTUM,REGIE,,
Kathy,Kane,WY98839,9593244,ALCOR SYSTEMS,2,NOT FOUND,PULSE,MAINTENANCE,,
Samantha,Sanchez,HH28532,8783212,CENVEO GLOBAL,2,NOT FOUND,ORBIT,MAINTENANCE,,
Mark,Evans,DI45262,9260575,ETHOS VENTURES,2,NOT FOUND,QUANTUM,MAINTENANCE,,
Felicia,Martinez,BI50637,3659771,KESTRA GROUP,2,NOT FOUND,PULSE,FORFAIT,,
Calvin,Fritz,WJ71214,1951342,GOLZEN DIGITAL,2,NOT FOUND,NEXUS,REGIE,,
Joseph,Lambert,PA89265,8770186,ETHOS VENTURES,2,NOT FOUND,ORBIT,REGIE,,
Michael,Davis,CW39466,2046334,HYRION SYSTEMS,2,NOT FOUND,PHOENIX,REGIE,,
Sandra,Tanner,JY64268,6023989,ETHOS SOLUTIONS,2,NOT FOUND,QUANTUM,FORFAIT,,
Michelle,Ochoa,EN71819,3642355,CENVEO GLOBAL,2,NOT FOUND,ORBIT,REGIE,,
Sherry,Andersen,SJ00081,6904325,DELVO DIGITAL,2,NOT FOUND,VERTEX,FORFAIT,,
Eric,Mendez,FD56857,1124741,LUMEX TECH,2,NOT FOUND,NEXUS,RPS,,
Christopher,Gonzales,BQ60344,3776358,CENVEO GLOBAL,2,NOT FOUND,QUANTUM,REGIE,,
Austin,Larsen,YN68154,6024671,LUMEX TECH,2,NOT FOUND,ATLAS,RPS,,
Erik,Gilmore,DH80345,1541874,DELVO VENTURES,2,NOT FOUND,PHOENIX,MAINTENANCE,,
Reginald,Nash,UX72983,6062419,GOLZEN SYSTEMS,2,NOT FOUND,STELLAR,FORFAIT,,
Ariana,Johnson,FS07675,1752423,HYRION DYNAMICS,2,NOT FOUND,STELLAR,MAINTENANCE,,
Jared,Williams,ZK99267,7557400,DELVO VENTURES,2,NOT FOUND,ATLAS,SUPPORT,,
Jenna,Chandler,GY65987,8676134,INOVA DYNAMICS,2,NOT FOUND,NOVA,SUPPORT,,
Jordan,Lynch,VL43049,1309790,ETHOS TECH,2,NOT FOUND,PHOENIX,MAINTENANCE,,
Luke,Fitzgerald,UP52139,4462948,GOLZEN SOLUTIONS,2,NOT FOUND,QUANTUM,MAINTENANCE,,
James,Johnston,AF63962,6701234,HYRION SYSTEMS,2,NOT FOUND,VERTEX,MAINTENANCE,,
Marcus,Bates,RO66196,6179555,BRYTON SYSTEMS,2,NOT FOUND,ORBIT,MAINTENANCE,,
Jamie,Walton,SI00749,7961256,KESTRA DYNAMICS,2,NOT FOUND,NOVA,MAINTENANCE,,
Joshua,Harvey,BI20807,5595690,DELVO VENTURES,2,NOT FOUND,STELLAR,MAINTENANCE,,
Susan,Johnson,WW73208,3881331,ALCOR VENTURES,2,NOT FOUND,PHOENIX,REGIE,,
George,Wilson,YZ52777,3074780,JALVIK SYSTEMS,2,NOT FOUND,NOVA,REGIE,,
Cody,Smith,JG27963,4552051,INOVA GROUP,2,NOT FOUND,PULSE,REGIE,,
Andrew,Strong,MJ85875,9641824,ETHOS SYSTEMS,2,NOT FOUND,NOVA,SUPPORT,,
Jessica,Jackson,TB27197,4990215,BRYTON VENTURES,2,NOT FOUND,NOVA,FORFAIT,,
Michelle,Zimmerman,MV80298,1294494,FORVEX DIGITAL,2,NOT FOUND,PULSE,SUPPORT,,
James,Anderson,OB72540,2901369,HYRION GLOBAL,2,NOT FOUND,PHOENIX,SUPPORT,,
Andrea,Garcia,KA39519,6706408,BRYTON GROUP,2,NOT FOUND,ORBIT,RPS,,
David,Heath,JF04519,6285978,BRYTON SOLUTIONS,2,NOT FOUND,STELLAR,MAINTENANCE,,
Steven,Patterson,YT82025,5280601,DELVO DYNAMICS,2,NOT FOUND,VERTEX,MAINTENANCE,,
Nicholas,Goodwin,OL90208,3301299,CENVEO VENTURES,2,NOT FOUND,PULSE,SUPPORT,,
Laura,Terry,OO31772,1068282,LUMEX SOLUTIONS,2,NOT FOUND,NOVA,REGIE,,
Emily,Mitchell,TI27914,8434778,BRYTON GLOBAL,2,NOT FOUND,PULSE,RPS,,
Cynthia,Sandoval,TG40432,4619648,INOVA GROUP,2,NOT FOUND,NEXUS,SUPPORT,,
Nichole,Fernandez,WR08770,7027501,DELVO SYSTEMS,2,NOT FOUND,NOVA,FORFAIT,,
Devin,Duncan,GV37566,1522678,ALCOR VENTURES,2,NOT FOUND,NOVA,MAINTENANCE,,
Sharon,Horne,PV20036,6457952,LUMEX DIGITAL,2,NOT FOUND,STELLAR,RPS,,
Jesse,Russell,MS78083,5065840,BRYTON SYSTEMS,2,NOT FOUND,ATLAS,FORFAIT,,
Richard,Buck,BF33543,9780945,GOLZEN SOLUTIONS,2,NOT FOUND,ATLAS,MAINTENANCE,,
Dennis,Mccarthy,RN71058,4665534,DELVO DYNAMICS,2,NOT FOUND,ORBIT,MAINTENANCE,,
Brandon,Rose,PT39054,2885457,GOLZEN DIGITAL,2,NOT FOUND,STELLAR,RPS,,
Jesse,Gross,DI67316,9062522,KESTRA VENTURES,2,NOT FOUND,ATLAS,FORFAIT,,
Miranda,Turner,QP77064,5461410,JALVIK DIGITAL,2,NOT FOUND,ORBIT,SUPPORT,,
John,Campbell,FK51030,8878095,DELVO GLOBAL,2,NOT FOUND,ATLAS,SUPPORT,,
Krista,Allen,UN25546,8365328,FORVEX SOLUTIONS,2,NOT FOUND,QUANTUM,MAINTENANCE,,
Dana,Green,VG94792,8377694,BRYTON SYSTEMS,2,NOT FOUND,STELLAR,SUPPORT,,
Cynthia,Miles,BR29887,6544917,ALCOR SOLUTIONS,2,NOT FOUND,QUANTUM,MAINTENANCE,,
Catherine,Joseph,GT49960,4293788,GOLZEN GLOBAL,2,NOT FOUND,PHOENIX,SUPPORT,,
Andrea,Taylor,CP94289,3577197,KESTRA TECH,2,NOT FOUND,STELLAR,REGIE,,
Nicole,Vargas,WK86239,6238774,LUMEX SYSTEMS,2,NOT FOUND,PHOENIX,RPS,,
Jessica,Gomez,FJ56574,1262702,ALCOR GROUP,2,NOT FOUND,VERTEX,MAINTENANCE,,
Sandra,Burke,WU56317,4405420,GOLZEN DYNAMICS,2,NOT FOUND,VERTEX,RPS,,
Brenda,Mcdonald,QK35687,1636258,CENVEO SOLUTIONS,2,NOT FOUND,QUANTUM,REGIE,,
Mark,Russell,ZO26226,7490754,DELVO CONSULTING,2,NOT FOUND,NEXUS,FORFAIT,,
Samuel,Hebert,ER86747,2561527,FORVEX GROUP,2,NOT FOUND,NEXUS,SUPPORT,,
Mark,Young,VZ79580,7878072,LUMEX TECH,2,NOT FOUND,VERTEX,REGIE,,
Jessica,Tucker,ZP36708,1612327,CENVEO CONSULTING,2,NOT FOUND,QUANTUM,RPS,,
Michael,Price,UY76375,3209834,LUMEX CONSULTING,2,NOT FOUND,NOVA,SUPPORT,,
Maria,Robinson,WD36824,1382850,FORVEX CONSULTING,2,NOT FOUND,NOVA,REGIE,,
Anthony,Vega,YA31798,5833171,LUMEX GLOBAL,2,NOT FOUND,PULSE,MAINTENANCE,,
Christopher,Johnson,OH19264,2766594,INOVA SYSTEMS,2,NOT FOUND,NOVA,SUPPORT,,
Sarah,Cruz,KJ43250,6487662,ALCOR GLOBAL,2,NOT FOUND,ORBIT,MAINTENANCE,,
David,Weber,CT17302,4460374,BRYTON VENTURES,2,NOT FOUND,STELLAR,SUPPORT,,
Joann,Dennis,HB23940,4262992,INOVA DYNAMICS,2,NOT FOUND,NOVA,REGIE,,
Michael,Shaw,AL58793,2283937,DELVO TECH,2,NOT FOUND,NOVA,RPS,,
Melody,Pitts,QJ08684,8462614,ETHOS CONSULTING,2,NOT FOUND,QUANTUM,RPS,,
Judy,Wilson,BH26005,2997365,JALVIK GLOBAL,2,NOT FOUND,PHOENIX,SUPPORT,,
Julie,Rush,LE68070,1474928,LUMEX GROUP,2,NOT FOUND,VERTEX,SUPPORT,,
Allen,Pace,WW38189,2295384,ALCOR DIGITAL,2,NOT FOUND,STELLAR,RPS,,
Gary,Nelson,HS28655,4461202,LUMEX DIGITAL,2,NOT FOUND,ATLAS,MAINTENANCE,,
Tiffany,Brown,YX79411,2233169,ALCOR TECH,2,NOT FOUND,PHOENIX,SUPPORT,,
Willie,Romero,OB78658,7976929,DELVO GROUP,2,NOT FOUND,PULSE,RPS,,
Miguel,Kim,VR10463,9261065,GOLZEN VENTURES,2,NOT FOUND,NEXUS,SUPPORT,,
Robin,Mendez,PS50094,9512487,GOLZEN TECH,2,NOT FOUND,STELLAR,MAINTENANCE,,
Emily,Miller,XB82045,5184422,ALCOR SYSTEMS,2,NOT FOUND,PULSE,RPS,,
Gary,Lopez,JK07193,7648806,CENVEO CONSULTING,2,NOT FOUND,ATLAS,MAINTENANCE,,
Megan,Hall,JM42897,2538795,INOVA TECH,2,NOT FOUND,NEXUS,MAINTENANCE,,
Allison,Lambert,RM44134,6174034,ALCOR SOLUTIONS,2,NOT FOUND,PHOENIX,RPS,,
Kristina,Cannon,VM26397,4564679,GOLZEN CONSULTING,2,NOT FOUND,NOVA,SUPPORT,,
Luis,Jones,IC63162,6827035,LUMEX DIGITAL,2,NOT FOUND,STELLAR,MAINTENANCE,,
Robert,Mason,GG73910,5682928,LUMEX DYNAMICS,2,NOT FOUND,NOVA,FORFAIT,,
Martin,Martin,KN48995,6556861,FORVEX TECH,2,NOT FOUND,NOVA,REGIE,,
Courtney,Nichols,GJ71130,5364768,BRYTON CONSULTING,2,NOT FOUND,ATLAS,FORFAIT,,
Emily,Lewis,YN86746,2861588,ETHOS CONSULTING,2,NOT FOUND,PHOENIX,REGIE,,
Michael,Casey,WJ79693,2243250,FORVEX DIGITAL,2,NOT FOUND,NEXUS,FORFAIT,,
Sherry,Vaughn,XK10937,2523098,JALVIK SOLUTIONS,2,NOT FOUND,VERTEX,MAINTENANCE,,
Jeffrey,Sawyer,HU39833,9412785,KESTRA GLOBAL,2,NOT FOUND,VERTEX,FORFAIT,,
Paul,Davis,XU41867,1934022,DELVO GLOBAL,2,NOT FOUND,ORBIT,FORFAIT,,
Miguel,Black,ZU54900,6915941,DELVO CONSULTING,2,NOT FOUND,PHOENIX,MAINTENANCE,,
Brian,Reed,SY82588,7289847,HYRION TECH,2,NOT FOUND,VERTEX,RPS,,
Tamara,Page,XH10296,3739449,HYRION SYSTEMS,2,NOT FOUND,NEXUS,REGIE,,
Laura,Gonzalez,NU25804,6047270,ALCOR TECH,2,NOT FOUND,ATLAS,RPS,,
Melissa,Lambert,VF02365,7775753,DELVO DYNAMICS,2,NOT FOUND,ATLAS,SUPPORT,,
Miguel,Gill,PN64393,5732509,LUMEX TECH,2,NOT FOUND,PULSE,SUPPORT,,
Jeanette,Peterson,NA71294,4180495,JALVIK TECH,2,NOT FOUND,NOVA,FORFAIT,,
Mary,Marsh,LB71832,6484614,LUMEX TECH,2,NOT FOUND,STELLAR,SUPPORT,,
Jon,Garza,XC78330,2854316,INOVA VENTURES,2,NOT FOUND,PULSE,SUPPORT,,
Linda,Wilcox,KQ95308,6716655,LUMEX TECH,2,NOT FOUND,PULSE,RPS,,
Ronald,Lloyd,UE32249,7360740,GOLZEN DIGITAL,2,NOT FOUND,STELLAR,SUPPORT,,
Richard,Bond,YO87297,6911569,FORVEX GROUP,2,NOT FOUND,ORBIT,MAINTENANCE,,
Amber,Woods,UE52782,4254523,JALVIK GLOBAL,2,NOT FOUND,PULSE,SUPPORT,,
Kathryn,Sampson,PR29072,7291659,BRYTON SYSTEMS,2,NOT FOUND,NOVA,SUPPORT,,
Stephen,Christian,WR44566,6383587,CENVEO GLOBAL,2,NOT FOUND,STELLAR,RPS,,
Joshua,Gibson,LH96032,1633097,GOLZEN SOLUTIONS,2,NOT FOUND,STELLAR,RPS,,
Kimberly,Garcia,BM34988,6304784,INOVA GROUP,2,NOT FOUND,PULSE,RPS,,
Robert,Bates,CC17314,6307903,DELVO DYNAMICS,2,NOT FOUND,PULSE,RPS,,
Justin,Foster,DZ80282,4472499,KESTRA GROUP,2,NOT FOUND,ATLAS,MAINTENANCE,,
Jamie,Diaz,OS23512,4632329,DELVO CONSULTING,2,NOT FOUND,PULSE,MAINTENANCE,,
Kimberly,Brock,IO56291,9648696,GOLZEN GLOBAL,2,NOT FOUND,ATLAS,RPS,,
Valerie,Small,KK82317,5231683,BRYTON SOLUTIONS,2,NOT FOUND,QUANTUM,MAINTENANCE,,
Justin,Knight,ZA38348,7203704,GOLZEN VENTURES,2,NOT FOUND,PULSE,SUPPORT,,
Charlene,Trujillo,ZE49101,3932238,FORVEX SOLUTIONS,2,NOT FOUND,PHOENIX,FORFAIT,,
Courtney,Mason,IU80750,2733498,GOLZEN SYSTEMS,2,NOT FOUND,NOVA,MAINTENANCE,,
Monica,Chavez,IF27283,9209756,DELVO VENTURES,2,NOT FOUND,NOVA,REGIE,,
Brandon,Keller,PH78162,2254516,CENVEO GLOBAL,2,NOT FOUND,NOVA,MAINTENANCE,,
Jeffrey,Mueller,JW12908,8348977,ETHOS CONSULTING,2,NOT FOUND,QUANTUM,REGIE,,
Carolyn,Duran,FS91229,1544806,DELVO DYNAMICS,2,NOT FOUND,STELLAR,MAINTENANCE,,
Christopher,Mckenzie,OV43833,9896773,ALCOR GROUP,2,NOT FOUND,ATLAS,SUPPORT,,
James,Adams,YY99112,7371391,ALCOR TECH,2,NOT FOUND,NOVA,FORFAIT,,
Susan,Martin,KU64355,1224287,HYRION DYNAMICS,2,NOT FOUND,PHOENIX,MAINTENANCE,,
Tina,Fuller,YV64776,2612266,KESTRA GLOBAL,2,NOT FOUND,ATLAS,REGIE,,
Ann,Gonzales,BM10947,9396680,DELVO TECH,2,NOT FOUND,STELLAR,REGIE,,
Benjamin,Thompson,BF75257,7797226,FORVEX DIGITAL,2,NOT FOUND,PHOENIX,RPS,,
Veronica,Wilson,GB52472,3784964,ETHOS SYSTEMS,2,NOT FOUND,NOVA,SUPPORT,,
Brandon,Moore,YS94562,5807638,HYRION VENTURES,2,NOT FOUND,NEXUS,SUPPORT,,
Emily,Neal,US57595,6469181,LUMEX GLOBAL,2,NOT FOUND,VERTEX,SUPPORT,,
Luis,Pierce,ZA10885,7016730,ALCOR GLOBAL,2,NOT FOUND,ORBIT,MAINTENANCE,,
Richard,Williams,NY69615,3662346,JALVIK GROUP,2,NOT FOUND,VERTEX,REGIE,,
Matthew,Richardson,BD87015,3524537,HYRION CONSULTING,2,NOT FOUND,PHOENIX,FORFAIT,,
Tony,Mcguire,MN49219,7256593,JALVIK VENTURES,2,NOT FOUND,PULSE,FORFAIT,,
Nicholas,Taylor,EF95267,8611525,FORVEX VENTURES,2,NOT FOUND,NEXUS,MAINTENANCE,,
Jennifer,Stewart,UF61912,6537602,ETHOS SYSTEMS,2,NOT FOUND,VERTEX,MAINTENANCE,,
Daniel,Hall,NG29511,9090259,HYRION DYNAMICS,2,NOT FOUND,STELLAR,REGIE,,
Timothy,Carson,WN09285,1715948,KESTRA SYSTEMS,2,NOT FOUND,ORBIT,SUPPORT,,
Kimberly,Jones,RF35974,9293696,DELVO DIGITAL,2,NOT FOUND,STELLAR,REGIE,,
Nathan,Thompson,TK78201,6536653,CENVEO TECH,2,NOT FOUND,PULSE,REGIE,,
Meghan,Day,SV97661,6623509,BRYTON GROUP,2,NOT FOUND,VERTEX,MAINTENANCE,,
Alexandra,Brooks,DY18632,3117060,ETHOS VENTURES,2,NOT FOUND,PHOENIX,FORFAIT,,
Melissa,Logan,FI30473,7251164,ETHOS DIGITAL,2,NOT FOUND,ATLAS,MAINTENANCE,,
Norma,Martinez,MQ07137,4165238,JALVIK SOLUTIONS,2,NOT FOUND,PULSE,SUPPORT,,
Frances,Burch,VA70043,2525517,JALVIK TECH,2,NOT FOUND,QUANTUM,REGIE,,
Bryan,Daniel,LV10688,6049537,INOVA TECH,2,NOT FOUND,QUANTUM,REGIE,,
John,Adkins,YI07584,2945093,CENVEO DYNAMICS,2,NOT FOUND,QUANTUM,MAINTENANCE,,
Robert,Dennis,SG43795,6289200,JALVIK TECH,2,NOT FOUND,PHOENIX,SUPPORT,,
Jennifer,King,PM47327,7282340,JALVIK GROUP,2,NOT FOUND,ORBIT,REGIE,,
Caleb,Hamilton,KY49693,1112473,LUMEX DYNAMICS,2,NOT FOUND,ORBIT,REGIE,,
Antonio,Lewis,OS46194,7100911,DELVO DYNAMICS,2,NOT FOUND,QUANTUM,MAINTENANCE,,
Deborah,Campos,FR70143,7642989,GOLZEN VENTURES,2,NOT FOUND,NOVA,MAINTENANCE,,
Joy,Chen,AU81665,5904643,ETHOS CONSULTING,2,NOT FOUND,VERTEX,MAINTENANCE,,
Derrick,Vega,HB33227,1612237,LUMEX CONSULTING,2,NOT FOUND,QUANTUM,FORFAIT,,
Hannah,Carter,AR26006,2219110,GOLZEN GROUP,2,NOT FOUND,QUANTUM,FORFAIT,,
James,Higgins,DZ75789,6156384,LUMEX VENTURES,2,NOT FOUND,PHOENIX,SUPPORT,,
Lisa,Martin,WW07104,6890035,GOLZEN GLOBAL,2,NOT FOUND,PHOENIX,MAINTENANCE,,
Kelly,Parks,NX50567,1958029,ALCOR SOLUTIONS,2,NOT FOUND,PHOENIX,REGIE,,
Tommy,Brown,KP27826,2396282,BRYTON VENTURES,2,NOT FOUND,PHOENIX,MAINTENANCE,,
Eddie,Ramos,BW26311,3539278,LUMEX GROUP,2,NOT FOUND,STELLAR,RPS,,
Diana,Russo,TJ84740,7153709,HYRION DYNAMICS,2,NOT FOUND,QUANTUM,MAINTENANCE,,
Jennifer,Casey,OZ33484,3496203,ALCOR DIGITAL,2,NOT FOUND,VERTEX,REGIE,,
Michael,Pierce,PV69260,1005949,JALVIK VENTURES,2,NOT FOUND,STELLAR,FORFAIT,,
Susan,Green,RP15380,2999766,KESTRA GROUP,2,NOT FOUND,QUANTUM,REGIE,,
Maria,Miller,GP34538,3597466,LUMEX GROUP,2,NOT FOUND,NOVA,REGIE,,
Diana,Mcguire,TC80538,1032699,CENVEO DYNAMICS,2,NOT FOUND,PULSE,FORFAIT,,
Anthony,Gonzalez,FB60418,3243969,JALVIK GLOBAL,2,NOT FOUND,NEXUS,MAINTENANCE,,
Timothy,Nelson,YC33344,8887531,INOVA DIGITAL,2,NOT FOUND,ATLAS,FORFAIT,,
Daniel,House,FH47929,7451975,HYRION TECH,2,NOT FOUND,ATLAS,REGIE,,
Nicholas,Logan,WW28867,3810496,LUMEX GLOBAL,2,NOT FOUND,QUANTUM,MAINTENANCE,,
Rebecca,Cooper,TK73305,7925554,FORVEX SOLUTIONS,2,NOT FOUND,ORBIT,REGIE,,
Juan,Munoz,JQ75617,5750426,LUMEX VENTURES,2,NOT FOUND,NOVA,FORFAIT,,
Jamie,Salas,KZ70423,8374915,KESTRA DYNAMICS,2,NOT FOUND,PULSE,REGIE,,
Krystal,Matthews,BZ98848,7372435,JALVIK CONSULTING,2,NOT FOUND,ATLAS,FORFAIT,,
Robert,Hunt,WM13128,9675485,GOLZEN DIGITAL,2,NOT FOUND,PHOENIX,REGIE,,
Nicholas,Holloway,GE86627,9117249,ETHOS TECH,2,NOT FOUND,PHOENIX,MAINTENANCE,,
Daniel,Hampton,CS27480,2264560,DELVO SYSTEMS,2,NOT FOUND,QUANTUM,FORFAIT,,
Robert,Mercado,YD61550,3187551,FORVEX DYNAMICS,2,NOT FOUND,ATLAS,RPS,,
Jill,Fowler,OY61243,3921701,KESTRA DYNAMICS,2,NOT FOUND,PHOENIX,FORFAIT,,
Marcus,Riddle,MG70820,3380535,DELVO GROUP,2,NOT FOUND,PHOENIX,RPS,,
Kimberly,Scott,KU76477,1173858,DELVO GLOBAL,2,NOT FOUND,NOVA,RPS,,
Justin,Greene,EJ71696,5888238,CENVEO DYNAMICS,2,NOT FOUND,STELLAR,MAINTENANCE,,
Jonathan,Johnson,ZN93883,1480527,ALCOR SYSTEMS,2,NOT FOUND,ORBIT,SUPPORT,,
Kristina,Jordan,HL07085,8613027,INOVA GROUP,2,NOT FOUND,ATLAS,FORFAIT,,
Bobby,Jones,YY91976,7400929,JALVIK CONSULTING,2,NOT FOUND,NEXUS,SUPPORT,,
Barbara,Dean,FF23709,2197849,BRYTON GROUP,2,NOT FOUND,VERTEX,FORFAIT,,
Timothy,Mclean,SJ65143,5198789,HYRION DYNAMICS,2,NOT FOUND,NEXUS,REGIE,,
Brittany,Gomez,CZ53791,2060475,INOVA GROUP,2,NOT FOUND,PHOENIX,REGIE,,
Kristi,Chambers,NI39029,4358333,INOVA SOLUTIONS,2,NOT FOUND,NEXUS,FORFAIT,,
Dana,Holloway,DL71450,8959397,INOVA DYNAMICS,2,NOT FOUND,QUANTUM,MAINTENANCE,,
Danielle,Meyer,SK96957,5582005,ETHOS TECH,2,NOT FOUND,NOVA,FORFAIT,,
Nicole,Cox,QK46166,4586198,LUMEX SYSTEMS,2,NOT FOUND,QUANTUM,FORFAIT,,
Harold,Allen,GP33654,5491929,DELVO SOLUTIONS,2,NOT FOUND,PHOENIX,RPS,,
Alexis,Sanchez,HJ53356,8723152,LUMEX CONSULTING,2,NOT FOUND,STELLAR,SUPPORT,,
Matthew,Turner,NX97587,7761759,BRYTON SYSTEMS,2,NOT FOUND,QUANTUM,MAINTENANCE,,
Corey,Gilbert,TV18972,6795410,INOVA DIGITAL,2,NOT FOUND,ORBIT,MAINTENANCE,,
Jeffery,Simmons,TM42190,9358885,GOLZEN SYSTEMS,2,NOT FOUND,ATLAS,FORFAIT,,
David,Stephens,TA44875,7031079,BRYTON SOLUTIONS,2,NOT FOUND,PULSE,RPS,,
Christine,Brown,JB61696,9707783,ETHOS SOLUTIONS,2,NOT FOUND,ATLAS,SUPPORT,,
Selena,Perkins,DC49989,6741624,HYRION GLOBAL,2,NOT FOUND,NEXUS,MAINTENANCE,,
Krista,Aguilar,FO82587,2345665,ETHOS TECH,2,NOT FOUND,NOVA,REGIE,,
Brandon,Davis,KB15187,2383809,LUMEX GLOBAL,2,NOT FOUND,PHOENIX,RPS,,
Bradley,Young,SL58079,3784014,GOLZEN DIGITAL,2,NOT FOUND,PHOENIX,SUPPORT,,
Grant,Durham,GH15986,7355217,GOLZEN CONSULTING,2,NOT FOUND,STELLAR,RPS,,
Cynthia,Smith,YW96291,3996609,JALVIK GLOBAL,2,NOT FOUND,PULSE,SUPPORT,,
Caitlin,Blanchard,SI95637,1829151,FORVEX GROUP,2,NOT FOUND,PHOENIX,FORFAIT,,
Annette,Oneal,ML86326,3531753,KESTRA SOLUTIONS,2,NOT FOUND,ORBIT,FORFAIT,,
Joseph,Good,ZM50052,4127216,JALVIK SYSTEMS,2,NOT FOUND,ATLAS,SUPPORT,,
Alice,Pittman,YH17682,3825784,JALVIK GROUP,2,NOT FOUND,PHOENIX,REGIE,,
Crystal,Hess,FN42686,8719968,JALVIK SYSTEMS,2,NOT FOUND,VERTEX,RPS,,
Ashley,Berg,BC69491,5471658,BRYTON GLOBAL,2,NOT FOUND,STELLAR,RPS,,
Kevin,Cisneros,UB01353,7268627,DELVO DIGITAL,2,NOT FOUND,ATLAS,REGIE,,
Cody,Bradshaw,LD94698,4283743,FORVEX GROUP,2,NOT FOUND,VERTEX,MAINTENANCE,,
Devin,Morris,TG81107,4480083,DELVO SOLUTIONS,2,NOT FOUND,PHOENIX,REGIE,,
Brian,Webb,BP57142,4700706,ALCOR VENTURES,2,NOT FOUND,VERTEX,SUPPORT,,
Jesse,Wright,CK28941,3163451,DELVO SOLUTIONS,2,NOT FOUND,PULSE,REGIE,,
Erik,Parsons,FV87864,5391393,CENVEO GROUP,2,NOT FOUND,ATLAS,MAINTENANCE,,
Jesse,Barron,IQ16980,9862463,CENVEO GLOBAL,2,NOT FOUND,VERTEX,REGIE,,
Brian,Henderson,WH20746,1876219,INOVA GROUP,2,NOT FOUND,STELLAR,REGIE,,
John,Browning,JG37858,3739973,DELVO DYNAMICS,2,NOT FOUND,ATLAS,RPS,,
Jeffrey,Jones,NV18250,6197750,CENVEO DYNAMICS,2,NOT FOUND,ORBIT,REGIE,,
Jennifer,Morrow,SE72324,8276538,HYRION TECH,2,NOT FOUND,QUANTUM,REGIE,,
Lisa,Dennis,LT22175,7585733,BRYTON SYSTEMS,2,NOT FOUND,ORBIT,MAINTENANCE,,
Patricia,Hayes,YY96753,4228982,JALVIK GLOBAL,2,NOT FOUND,NOVA,RPS,,
Ashley,Thompson,DM11190,8497687,ETHOS DYNAMICS,2,NOT FOUND,ORBIT,FORFAIT,,
William,Hughes,HG20161,2876781,ETHOS SOLUTIONS,2,NOT FOUND,STELLAR,SUPPORT,,
Anthony,Burnett,GH31289,4914956,FORVEX DIGITAL,2,NOT FOUND,PHOENIX,REGIE,,
Sarah,Wolfe,YR97651,8681384,ETHOS CONSULTING,2,NOT FOUND,QUANTUM,RPS,,
Ryan,Harris,UA11357,6755688,ALCOR SYSTEMS,2,NOT FOUND,VERTEX,REGIE,,
Renee,Campbell,BP34446,9607422,KESTRA DYNAMICS,2,NOT FOUND,STELLAR,RPS,,
Elizabeth,May,OA85023,4559850,LUMEX GLOBAL,2,NOT FOUND,VERTEX,RPS,,
Stephanie,Chapman,CM57939,3378339,ALCOR SOLUTIONS,2,NOT FOUND,QUANTUM,MAINTENANCE,,
Stephanie,Henderson,ZC19318,8816585,KESTRA SOLUTIONS,2,NOT FOUND,PULSE,REGIE,,
Thomas,Jackson,KJ59050,6472415,ETHOS DYNAMICS,2,NOT FOUND,PHOENIX,SUPPORT,,
Aaron,Harris,TV12870,8661025,JALVIK CONSULTING,2,NOT FOUND,PHOENIX,REGIE,,
William,Miller,IA89434,8923817,ALCOR VENTURES,2,NOT FOUND,QUANTUM,REGIE,,
Gregory,Myers,XW50699,2270883,BRYTON TECH,2,NOT FOUND,NOVA,RPS,,
Frank,Adams,RO94596,4087850,KESTRA GROUP,2,NOT FOUND,ATLAS,RPS,,
Mitchell,Shelton,BT82762,2972096,FORVEX GROUP,2,NOT FOUND,NEXUS,MAINTENANCE,,
Kenneth,Perez,GX15275,1274651,FORVEX SYSTEMS,2,NOT FOUND,NOVA,MAINTENANCE,,
Billy,Simmons,BB90191,1691269,INOVA VENTURES,2,NOT FOUND,ORBIT,REGIE,,
Dana,Byrd,RZ27072,2770485,BRYTON DIGITAL,2,NOT FOUND,VERTEX,MAINTENANCE,,
David,Hines,AH75020,8231022,CENVEO SYSTEMS,2,NOT FOUND,NEXUS,FORFAIT,,
Jennifer,Gentry,NC27691,3541361,KESTRA DIGITAL,2,NOT FOUND,ORBIT,MAINTENANCE,,
Amanda,Duke,XT24570,9746898,ALCOR GLOBAL,2,NOT FOUND,VERTEX,SUPPORT,,
Justin,Zimmerman,KY45831,4971285,ETHOS SOLUTIONS,2,NOT FOUND,STELLAR,SUPPORT,,
John,Gonzales,AK65085,7038096,BRYTON GROUP,2,NOT FOUND,QUANTUM,RPS,,
Carol,Mathews,MJ69256,2232434,HYRION DYNAMICS,2,NOT FOUND,NOVA,MAINTENANCE,,
David,Dickson,LR68729,6707384,LUMEX GLOBAL,2,NOT FOUND,STELLAR,RPS,,
Alexis,Morrison,VD97863,8444986,CENVEO GLOBAL,2,NOT FOUND,STELLAR,REGIE,,
Brittany,Anderson,UA34034,6645851,KESTRA DYNAMICS,2,NOT FOUND,QUANTUM,MAINTENANCE,,
Roger,Bond,AG76868,2047002,LUMEX DYNAMICS,2,NOT FOUND,STELLAR,MAINTENANCE,,
Timothy,Vasquez,PD20552,1809266,INOVA GLOBAL,2,NOT FOUND,ATLAS,RPS,,
Kenneth,Galvan,MO41622,1520741,ETHOS GROUP,2,NOT FOUND,ATLAS,MAINTENANCE,,
Maria,Daniel,YE20082,1374053,CENVEO TECH,2,NOT FOUND,STELLAR,FORFAIT,,
John,Tran,TY31737,1137818,INOVA GLOBAL,2,NOT FOUND,ATLAS,SUPPORT,,
Michael,Prince,NZ72456,2313801,ETHOS VENTURES,2,NOT FOUND,ATLAS,RPS,,
Michael,Knight,MO58620,5697327,BRYTON GLOBAL,2,NOT FOUND,ORBIT,REGIE,,
Mark,Willis,BF96803,8360887,JALVIK VENTURES,2,NOT FOUND,STELLAR,REGIE,,
Jennifer,King,WD59854,3378055,JALVIK DIGITAL,2,NOT FOUND,NOVA,RPS,,
Daniel,Kim,UA58159,3112849,KESTRA VENTURES,2,NOT FOUND,ATLAS,RPS,,
Julie,Gardner,CL60406,2683862,ETHOS CONSULTING,2,NOT FOUND,NOVA,FORFAIT,,
Austin,Adams,BQ42005,9096622,CENVEO GLOBAL,2,NOT FOUND,NEXUS,REGIE,,
Shelby,Colon,HX32084,1342527,GOLZEN DYNAMICS,2,NOT FOUND,PULSE,SUPPORT,,
Kristina,Potts,YE60953,5567097,INOVA VENTURES,2,NOT FOUND,STELLAR,SUPPORT,,
Charles,Andrews,XH96198,3749428,DELVO TECH,2,NOT FOUND,ORBIT,MAINTENANCE,,
Michael,Peterson,PW19837,2783861,LUMEX TECH,2,NOT FOUND,STELLAR,RPS,,
Antonio,Williams,WD51091,2894704,DELVO DYNAMICS,2,NOT FOUND,PHOENIX,FORFAIT,,
Joseph,Cabrera,XV96503,3255807,HYRION VENTURES,2,NOT FOUND,PHOENIX,SUPPORT,,
Alexander,Sampson,RQ62553,5474560,FORVEX DYNAMICS,2,NOT FOUND,PULSE,REGIE,,
Alejandro,Perez,BZ47533,1107022,HYRION SYSTEMS,2,NOT FOUND,QUANTUM,FORFAIT,,
Anthony,Jackson,EK97507,6849146,ALCOR DYNAMICS,2,NOT FOUND,VERTEX,RPS,,
Peter,Gamble,AT78929,2755201,ETHOS GROUP,2,NOT FOUND,NOVA,FORFAIT,,
Eugene,Cunningham,JY15647,9653945,ALCOR TECH,2,NOT FOUND,PULSE,MAINTENANCE,,
Zachary,Smith,XS03630,2299498,ETHOS SYSTEMS,2,NOT FOUND,STELLAR,SUPPORT,,
Alexandra,Herman,UD11120,4551670,CENVEO SYSTEMS,2,NOT FOUND,PULSE,REGIE,,
Michael,Nelson,ZK64252,1843367,KESTRA DIGITAL,2,NOT FOUND,PHOENIX,FORFAIT,,
Kristin,Davis,PE66729,1594608,GOLZEN GROUP,2,NOT FOUND,NOVA,MAINTENANCE,,
Donald,Roth,RG62650,1350547,CENVEO DIGITAL,2,NOT FOUND,VERTEX,REGIE,,
Nancy,Hunt,DC43820,8434708,CENVEO DIGITAL,2,NOT FOUND,QUANTUM,RPS,,
James,Snow,XA37639,4690870,CENVEO CONSULTING,2,NOT FOUND,VERTEX,FORFAIT,,
Kimberly,Mccormick,RU85809,3623277,JALVIK SOLUTIONS,2,NOT FOUND,ORBIT,MAINTENANCE,,
James,Horton,LF06440,1661959,FORVEX DYNAMICS,2,NOT FOUND,ATLAS,REGIE,,
Amy,Carter,EC63065,1124954,INOVA VENTURES,2,NOT FOUND,PULSE,FORFAIT,,
Frederick,Martin,ZW72731,4609373,ALCOR VENTURES,2,NOT FOUND,ORBIT,RPS,,
Jacob,Calhoun,XB14214,1413863,DELVO CONSULTING,2,NOT FOUND,ORBIT,SUPPORT,,
Joshua,Brown,BU00904,3309064,JALVIK DYNAMICS,2,NOT FOUND,PHOENIX,MAINTENANCE,,
Andrew,White,KS29898,8810255,FORVEX VENTURES,2,NOT FOUND,PHOENIX,MAINTENANCE,,
Jennifer,Franco,SF15785,4918749,JALVIK SYSTEMS,2,NOT FOUND,STELLAR,FORFAIT,,
Jeanette,Cruz,YY72687,5284391,KESTRA GLOBAL,2,NOT FOUND,NEXUS,REGIE,,
Ashley,Nguyen,TY50820,1147922,ETHOS GROUP,2,NOT FOUND,PULSE,SUPPORT,,
Rebecca,Valdez,PV16509,9352748,DELVO DYNAMICS,2,NOT FOUND,NEXUS,MAINTENANCE,,
Lisa,Romero,GB08082,4572383,ETHOS DYNAMICS,2,NOT FOUND,PHOENIX,FORFAIT,,
Joel,Graves,AJ87289,8226116,LUMEX CONSULTING,2,NOT FOUND,VERTEX,FORFAIT,,
Marvin,Friedman,TR07836,9513401,INOVA DIGITAL,2,NOT FOUND,PHOENIX,FORFAIT,,
Deborah,Whitaker,VU55919,5448695,FORVEX SYSTEMS,2,NOT FOUND,ATLAS,RPS,,
Sara,Sullivan,YW98960,8292960,LUMEX SOLUTIONS,2,NOT FOUND,STELLAR,SUPPORT,,
Brandi,Cunningham,UE87294,6243418,BRYTON DIGITAL,2,NOT FOUND,ORBIT,RPS,,
Christopher,Garcia,LU15917,1066807,GOLZEN VENTURES,2,NOT FOUND,PHOENIX,SUPPORT,,
Christopher,Cox,YC11786,5629037,CENVEO GLOBAL,2,NOT FOUND,NOVA,MAINTENANCE,,
Jennifer,Raymond,BT32351,8715053,CENVEO SOLUTIONS,2,NOT FOUND,ATLAS,SUPPORT,,
Lauren,Foster,BG06697,8746578,KESTRA CONSULTING,2,NOT FOUND,PHOENIX,MAINTENANCE,,
Lisa,Bass,YK18725,5035666,LUMEX TECH,2,NOT FOUND,QUANTUM,MAINTENANCE,,
Tracey,Neal,CJ98794,3495576,INOVA TECH,2,NOT FOUND,NEXUS,REGIE,,
Jeremy,Baker,CD68026,8487747,GOLZEN SYSTEMS,2,NOT FOUND,NEXUS,REGIE,,
